Channel Name,Youtuber Name
Smith-Ross Labs,Eric Patel
Sandoval PLC Hub,Cynthia Harrington
"Jones, Moore and Ho Network",Amanda Walker
Mitchell-Hooper Labs,Jessica Nelson MD
Wilson LLC Studios,Matthew Sherman
Myers Ltd Network,Anna Berry
Huber Inc Network,Richard Arnold
Baxter-Collins Studios,Stephanie Potter
Morrow-Abbott Hub,Teresa Aguirre
Jackson Group Network,Anne Adkins
Austin-Bowen Studios,David Clark
Walton Ltd Network,Kathleen Weeks
Singh LLC Hub,Melissa Kennedy
Martinez Ltd Labs,Kimberly Brown
"Wade, Price and Byrd Labs",Jennifer Martinez
Jones-Wood Hub,Elizabeth Wright
Contreras Inc Network,Elijah Ruiz
Hill-Martinez Network,Thomas Roberts
Jones Group Studios,Julian Gutierrez
"Adams, Velazquez and Jackson Hub",Sheila Rivera
Gill-Nelson Studios,Crystal Vargas
"Knapp, Frazier and Zimmerman Network",Kevin Marquez
"Jackson, Lambert and Harmon Network",Gregory Norman
"Ford, Ponce and Navarro Network",Jason Hall
Rodriguez and Sons Labs,Jacob Patterson
Perez-Acevedo Hub,Daniel Costa
Harrell-Joseph Labs,Vincent Graves
Campbell-Lopez Network,Anthony Huynh
Silva and Sons Network,Michelle Rogers
Gilmore-Garcia Labs,Alison Scott
Ryan-Ochoa Hub,Sherry Reed
Stokes-Flores Network,Mr. James Montgomery
"Esparza, Ferguson and Moody Network",Leah Moss
"Blake, Woods and Murphy Network",Shelby Pace
"Gonzalez, Salazar and Harris Studios",Tracie Hogan
"Wright, Morgan and Baker Hub",Mrs. Katelyn Soto
"Randolph, Blankenship and Giles Studios",Monica Henry
Bailey-Anderson Labs,Kevin Martinez MD
"Mendoza, Brooks and Richardson Labs",Kathryn Harris
Phillips-Robinson Labs,Allison Phillips
"Shepard, Ponce and Doyle Studios",Maxwell Anderson
Henderson-Banks Network,Terry Meyer
Sparks LLC Labs,Wanda Hernandez
Johnson Inc Network,Brenda Boyd
"Crane, Hayes and Smith Hub",Anna Frank
"Campbell, Mckay and Clark Hub",Heather Jefferson
"Williams, Bauer and Johnson Studios",Michelle Martinez
Dominguez-Nichols Hub,Sara Mack
Chan Inc Network,Christopher Taylor
Jimenez-Mitchell Labs,Larry Zimmerman
"Cooper, Rhodes and Stone Network",David Craig
Rich and Sons Hub,Antonio Reilly
Adkins-Ferrell Studios,Oscar Gallegos
Daniel and Sons Studios,William White
"Garcia, Mullen and Moody Studios",Brittany Dickerson
Campbell Ltd Network,Jennifer Kane
Taylor-Miller Hub,Shannon Rodriguez
Callahan-Howell Hub,Sarah Little
Lang-Weaver Labs,Timothy Page
"Williams, Velez and Wheeler Network",Kim Martinez
Burgess Ltd Labs,Courtney Roberts
Sanders-Wood Hub,Anthony Stewart
Bowen and Sons Network,Kimberly Mendoza
Cowan PLC Labs,Ms. Natasha Johnston
Byrd-Jordan Studios,Beth Clark
Fuentes-Schmitt Hub,Gina Young
Moore PLC Hub,Abigail Herrera
Coleman-Knight Hub,Brittany Ferguson
"Rios, Daniels and Howard Labs",Tanya Kelley
Parks-Hogan Labs,Stephanie Taylor
Valencia Group Network,Bailey Guerra
"Bradley, Hurst and Bailey Hub",Nichole Fleming
Wilson-Lopez Hub,Ryan Reynolds
Flores-Johnson Labs,Brandon Hernandez
"Nguyen, Brown and Vargas Hub",Stephanie Mahoney
Hanna and Sons Studios,Carlos Mcmahon
Carrillo and Sons Studios,Gina Bennett
Velazquez-Wong Network,Latoya Morales
Ryan-Campbell Network,Jennifer Nunez
Evans-James Labs,Whitney Montoya
Goodman-Levy Hub,Michael Summers
Farrell PLC Hub,Denise Johnson
Gallegos-Perkins Network,Vincent Nguyen
"Cuevas, Ross and Sanders Labs",John Carpenter
Smith and Sons Network,Mia Mccormick
Holland Group Hub,Michael Lee
Powell PLC Hub,Mary Evans
Clements LLC Network,Tyler Clark
Valenzuela and Sons Studios,Frances Brown
"Day, White and Miller Labs",Benjamin Green
"Kelly, Jordan and Sanders Hub",Dr. Dana Gamble
"James, Anderson and Zavala Labs",Mary Johnston
Chandler-Mcdaniel Studios,Dillon Casey
"Johnson, Clay and Manning Hub",Timothy Henson
Henderson and Sons Studios,Timothy Crosby
"Miller, Anderson and Duran Hub",Philip Ward
Brown LLC Labs,Ricky Reed
Whitney LLC Studios,Ian Heath
Whitney PLC Hub,Frank Harrington
Patrick-Sawyer Labs,Christina Tapia
Gutierrez-Price Labs,Anita Davis
Peters-Scott Hub,Marcus Bailey
Garcia-Williams Hub,Jody Espinoza
Dixon PLC Network,Amanda Blackwell
Richardson Ltd Labs,Bonnie Arnold
Collier-Rollins Hub,Rebecca Collier
Ramos-Lewis Hub,Sharon Johnson
Gamble-James Labs,Jessica Gutierrez
Hudson-Jackson Network,Melanie Nelson
Mcconnell-Scott Studios,Jessica Montoya
"Singleton, Lane and Thomas Labs",Claudia Pace
"Hall, Haynes and Bates Studios",Renee Evans
Randall-Brewer Labs,Alice Ortiz
Simmons and Sons Labs,Robert Wyatt
"Crosby, Jensen and Stanley Hub",David Gilbert
Bailey Ltd Labs,Veronica Diaz
Carpenter-Scott Labs,Miguel Smith
Martin Inc Hub,Kimberly Rowe
Mcdonald Inc Studios,Brent Sanchez
Snyder PLC Hub,Bryan Carpenter
"Williams, Lara and Rivera Network",Wayne Lang
Morrison LLC Labs,Christopher Logan
King Ltd Hub,Anthony Stewart
King and Sons Network,Robert Conner
"Wilkins, Rosales and Cunningham Labs",Virginia King
"Carter, Martin and Green Hub",Micheal Morse
Price-Olsen Network,Alyssa Waters
Heath-Davis Hub,Seth Barnes
"Craig, Patrick and Combs Network",Elizabeth Allen
"Lewis, Neal and Fox Labs",Tiffany Jones
Mora-Stewart Hub,Raymond Lambert
Brown Group Studios,Connor Gutierrez
"Mcmillan, Thompson and Andersen Labs",Beth Whitaker
Rice-Salazar Studios,Bobby Hall
Kelly-Wagner Labs,Edward Lane
Mann-Chung Labs,John Hernandez
Jones Ltd Hub,Dawn Silva
Morgan-Robles Hub,Christopher Cox
Lee PLC Network,Brandon Turner
Coleman Group Labs,Brenda Crawford
Marks and Sons Hub,Matthew Rivera
Hammond Inc Network,Janet Hale
"Downs, Mason and Walsh Network",Donna Roach
Mathews LLC Hub,Jacob Ray
"Fleming, Ford and Vasquez Studios",Joseph Morton
Martinez-Hendrix Studios,Travis Wright
"Nunez, Thomas and Reed Network",Cynthia Brooks
Robinson-Gonzalez Hub,Doris Jones
Cox Ltd Studios,Christopher Shepard
"Garcia, Cox and Willis Hub",Candice Howell
Mclaughlin LLC Labs,Gary Carr
"Graves, Lee and Morse Network",Marie Brewer
Wright and Sons Studios,Michael Potts
Graham-Lopez Hub,Michael Carroll
Jackson-Ford Network,Katie Warren
"Ryan, Thompson and Mcknight Hub",Jason Howard
Berg-Adams Hub,David Alexander
Smith and Sons Studios,Stacey Anderson
Wood LLC Hub,Danielle Hernandez
"Marshall, Ramirez and Reynolds Labs",Michelle Erickson
"Young, Ray and Foster Studios",Holly Robbins
Phillips-Barker Labs,Travis Powell
"Cox, Scott and Hines Hub",April Hawkins
Fuentes Inc Hub,Mrs. Heather Ruiz
"Jensen, Flores and Anderson Labs",Jason Hill
Patterson LLC Network,Jesse King
Walters and Sons Hub,Tiffany Robinson
"Scott, Ross and Moreno Network",Rachel Wallace
King LLC Studios,Edward Oconnor
Stark-Price Hub,Daniel Adkins MD
"Moon, Nguyen and Sherman Hub",Brian Krueger
Williams-Wilson Studios,Hailey Russell
"Pratt, Mendoza and Brown Studios",Michelle Sheppard
Walker-Solis Studios,Jesse Blair
"Walker, Oliver and Wang Hub",Jonathan Cox
Riddle-Marquez Hub,Sharon Williams
Craig PLC Network,Victoria Frank
Ford-Thomas Hub,Christopher Page
"Burns, Cunningham and Hoover Studios",Carlos Garcia
Graham Group Studios,Robert Choi
Johnson-Garner Network,Gregory Anderson
Morris-Juarez Labs,Tammy Perez
Lopez Group Labs,Jennifer Smith
"Gray, Fox and Booth Network",Danielle Johnson
Warren PLC Studios,Johnny Moore
Haynes LLC Studios,Brad Howard
"Thompson, Farrell and Watson Labs",Stephanie Winters
Smith Ltd Labs,Ryan Howard
"Brooks, Romero and Barker Network",Nicholas House
Roberts-Haas Labs,Erin Wilson
"Bowman, Santiago and Pope Hub",Jose Hernandez
"Fitzgerald, Cardenas and Jimenez Studios",Stanley Kennedy
Cole-Green Network,Fred Salas
"Munoz, Torres and Reyes Labs",Scott Guerrero
Garcia-Martin Network,Lindsay Erickson
Estrada and Sons Hub,Krista Perez
Roth-Weiss Hub,Tami Thompson
"Miles, Phillips and Pierce Network",Jonathan White
"Torres, Oneal and Stewart Network",Dana May
Cook and Sons Network,Michelle Chambers
"Griffin, Sanford and Jackson Labs",Morgan Diaz
"Brown, Garcia and Murphy Studios",Dustin Hutchinson
"Moore, Burns and Payne Labs",Aaron Carrillo
Perkins Inc Network,Beverly Carpenter
Parker PLC Hub,Shelly Garrison
"Stewart, Hunt and Mora Hub",Brett Garcia
"Lewis, Sloan and West Network",Christopher Martinez
Frazier Group Hub,Michelle Smith
Wilson-Frank Labs,Karen Brown
"Adkins, Grimes and Dunn Labs",Diane Fields
Jenkins and Sons Network,Gregg Chambers
Watkins-Nelson Hub,Daniel Nichols
Rose-Gibbs Studios,Monica Freeman
Taylor Ltd Network,Julia Johnson
Brennan-Price Labs,Tony Brooks
Garcia PLC Network,Cody Lee
Cox-Martin Labs,Amber Beard DDS
Peterson and Sons Labs,Charles Knight
"Morales, Williams and Smith Network",David Watson
Fletcher-West Hub,Donna Johnson
"Harris, Harrison and Wagner Studios",Yesenia Levy
Jones-Conway Studios,Pamela Dickson
"Quinn, Schultz and Pugh Network",Jay Villegas
Wheeler-Rodriguez Hub,Larry Rodriguez
Bradford-Cooper Hub,Kayla Cross
Williams PLC Hub,Sheri Spencer
Howell-Hansen Network,Theresa Harmon
Wolfe Inc Labs,Rhonda Scott
Lopez Inc Network,Chelsea Wells
"Norton, Perez and Clay Hub",Michael Rodriguez
"Garcia, Cunningham and Sandoval Hub",Shane Cruz
"Cameron, Scott and Kelly Network",Richard Fisher
"Davis, Calderon and Morgan Labs",Paul Silva
Burgess-Taylor Network,Michael Patrick
Tucker and Sons Labs,Michelle Edwards
Bridges and Sons Network,Gabriel Romero
Blanchard-Howe Hub,Amy Riggs
David-Johnson Studios,Frances Willis
"Nolan, Brown and Matthews Network",Michael Matthews
Reed-Warren Studios,Jennifer Garcia
Kelly LLC Labs,Daniel Kramer
"Cunningham, Jones and Campbell Studios",Sherry Phillips
"Green, Buchanan and Stevens Studios",Amanda Evans
Dean-Phillips Hub,Thomas Carter
"Maynard, Watson and Sanders Studios",Richard Pineda
"Mejia, Shaw and Cook Network",James Johnson
"Rogers, Russell and Johnson Labs",Ronald Garcia
Campos and Sons Labs,Jennifer Mata
Harper-Jackson Network,Michael Gregory
Shelton-Vega Hub,Maria Cruz
Wright LLC Network,Jason Thomas
"Stein, Fletcher and Morris Studios",Holly Cardenas
"Ruiz, Bailey and Robertson Labs",Robert Ho
Jones PLC Labs,Lisa Olson
Young Inc Studios,Edward Mcknight
Lee and Sons Hub,Brandy Obrien
Gonzalez-Clark Hub,Pamela Nunez
Hurst and Sons Hub,Angela Wilson
Thomas Group Studios,Mr. Anthony Quinn
Marshall-Santana Hub,Angela Williams
"Tucker, Mcneil and Weeks Network",Kayla Hall
Caldwell-Sparks Network,Matthew Graham
Huber-Ryan Labs,Elizabeth Thornton
"Pena, Gilmore and Martin Labs",Rachel Fisher
Garcia-Wright Labs,Susan Hoffman
"Fisher, Nelson and Jackson Hub",Christopher Weber
Walker-Davis Network,Pamela Adams
Callahan LLC Studios,Angela Walker
Johnson Ltd Hub,Brittany Cruz
Williams Ltd Studios,Brenda Doyle
Hoffman PLC Studios,David Torres
"Acevedo, House and Arnold Network",Austin Pugh
Merritt Inc Hub,Michael Miranda
Morris-Chapman Labs,Michael Myers
"Marks, Murphy and Morris Studios",Alan Smith
Keith Inc Network,Brian Gomez
Tran-Coleman Labs,Alfred Olsen
"Dougherty, Bailey and Price Studios",Matthew Clayton
"Adams, Ellis and Hernandez Network",Renee Smith
Simon-Wall Hub,Adam Barajas
"Stewart, Armstrong and Russell Studios",Garrett Trevino
Johnston Ltd Network,Ryan Durham
"White, Wright and Park Studios",Jasmine Nichols
"Sanchez, Marquez and Stuart Hub",Jacob Snow
Hess and Sons Hub,Margaret Lee
Reese Group Labs,Jamie Vance
"Manning, Castillo and Jimenez Labs",Miguel Pace
"Brown, Powell and Maddox Labs",Laura Young
Rollins PLC Labs,Heather Beasley
"Allen, Harris and Cook Studios",Mrs. Carrie Delacruz DDS
Moyer-Sullivan Studios,Brandy Meyer
Butler and Sons Network,Donna Carter
Huff-Bond Labs,Jamie Jones PhD
Brown and Sons Studios,Christian Mcdonald
Forbes-Burch Labs,Blake Gardner
Villanueva and Sons Labs,Shane Hodges
Anderson Ltd Labs,Alisha Roth
"Rodriguez, Stout and Short Hub",Hannah Taylor
Cooper Inc Studios,Daniel Richardson
Garcia-Gibbs Hub,Richard Scott
Harris-Pierce Labs,Joshua Allen
Mcdonald-Burton Studios,Paul Cole
"Heath, Miller and Marshall Network",Mrs. Michelle Schmidt DDS
"Lewis, Thompson and Schneider Network",Randy Hernandez
Conley LLC Studios,Shannon Johnson
Glover Inc Studios,Lisa Barber
"Walker, Hodges and Jones Network",Anthony Montgomery
"Garcia, Vasquez and Zavala Hub",Dylan Johnson
"Buchanan, Stewart and Garcia Studios",Alex Howard
Lee and Sons Network,Bryan Mitchell
Schwartz-Sullivan Studios,Dr. John Briggs
"Flowers, Smith and Allen Hub",Andrew Cruz
"Lindsey, Hunter and Landry Labs",Douglas Wallace
Frank-King Labs,Misty Peterson
Villarreal LLC Labs,Randy Oconnell
"Scott, Cole and Fisher Labs",Corey Kirk
Smith Inc Hub,Hayden Haynes
Acevedo PLC Hub,Taylor Lamb
"Collins, Avery and Miles Network",Stephen Wilson
Nichols PLC Studios,Miranda Williams
Nguyen Inc Network,Samantha Krueger
Cochran-Woods Studios,Kimberly Williams
Jones-Williams Network,Carol Knox
Fletcher-Garcia Hub,Mr. Timothy Davis
"Sanders, Young and Meyer Hub",Jennifer Sharp
Green LLC Labs,Anthony Moreno
"Hartman, Cole and Brown Network",Jennifer Simpson
White-Edwards Labs,Lauren Rogers
Smith Ltd Studios,Linda Cole
Lopez Group Labs,John Blankenship
Gordon-Barnes Labs,Judith Wallace
Williams Ltd Network,Carolyn Garcia
"Hughes, Dean and Warren Network",Isaac Lopez
Gonzalez and Sons Studios,Brianna Leach
"Graves, Thomas and Rivera Studios",Michelle Hendrix
Smith-Schneider Labs,Blake Gray
Warner-Lee Hub,Sarah Brown
Pace-Calderon Hub,Lori Allen
"Montgomery, Hancock and Lee Labs",Laura Myers
Smith Ltd Hub,Michael Allison
Gordon and Sons Labs,Ricky Diaz
"Harris, Sanchez and Hamilton Hub",Stacey Fleming
Buckley-Ward Network,Joseph Huffman
Carpenter-Howard Studios,Richard Carlson
Gonzalez-Myers Labs,Charles Collins
"Hanna, White and Russell Hub",Tony Serrano
Carlson-Hill Network,Toni Wells
"Lane, Doyle and King Hub",Sarah Wilson
Patel-Martinez Studios,Travis Brady
Clay and Sons Studios,Connie Merritt
Bautista PLC Network,Jennifer Blackburn
Cohen Group Network,Taylor Lee
"Anderson, Oliver and Williams Hub",Brianna Serrano
Montoya Inc Network,William Carter
Cantu Group Studios,Linda Woodard
Fisher-King Labs,Benjamin Vargas
Wilson-Myers Network,Calvin Hernandez
"Woods, Vincent and Anderson Hub",Adam Jones
Garcia PLC Network,Faith Gilbert
Alvarez Ltd Studios,Caitlin Perkins
Lopez Ltd Hub,Melissa Burton
Gibbs-Hill Labs,Michael Sullivan MD
"Brown, Jones and Hines Labs",Mr. Thomas Davis
"Jenkins, Johnson and Hopkins Hub",Travis Gallagher
"Murphy, Garza and Cortez Network",Cindy Clark
"Camacho, Bell and Pena Hub",Daniel Chang
"Duncan, Campbell and Freeman Studios",Thomas Little
"Munoz, Brown and Mitchell Labs",William Miller
"Nguyen, Porter and Harris Hub",Sandra Liu
Sandoval-Underwood Network,Melissa Cohen
Duarte Ltd Labs,Norman Diaz
Manning-Dudley Hub,Debra Barnett
Garcia-Garcia Studios,Alvin Sampson
Rivera PLC Labs,Megan Schultz
"Walsh, Lopez and Wells Studios",Nicholas Rich
"Novak, Mendez and Smith Studios",Joshua Howell
Carroll LLC Network,Kristine Black
"Jones, Brown and Allen Hub",Diane Ramirez
Gordon PLC Hub,Dennis Hunter
Thompson-Alvarez Network,Jason Rodriguez
"Brown, Lopez and Gonzalez Labs",Joseph Munoz
Baker Inc Studios,Jared Avila
"Ford, Jones and Ramirez Hub",James Cruz
"Wood, Anderson and Haynes Studios",Patrick Kennedy
Collins-Snow Labs,Eric Anderson
Jones-Phillips Labs,Amber Wilson
"Cantrell, Wiley and Wang Labs",Gary Johnson
Pierce-Barnes Hub,Savannah Phillips
Hunt Ltd Hub,Melissa Salas
"Branch, Anderson and Moore Network",Rachel Tate
"Benson, Alvarado and Abbott Studios",Jamie Park
Irwin-Ryan Hub,Chelsey Hansen
"Morris, Howard and Reed Hub",William Jones
Daugherty-Mosley Hub,Mark Rodgers
Bowman PLC Network,William Macias
"Pearson, Wilson and Eaton Studios",Vanessa Thompson
Shepherd-Nash Labs,Susan Nunez
Contreras Group Studios,Charles Briggs
"Castillo, Kim and Brandt Hub",Doris Shaffer
Yates-Reid Network,Lori Olson
Rice Group Studios,David Austin
Booth-Hamilton Labs,Sheila Williams
"Meyer, Hall and Armstrong Network",Dylan Campbell
Lee PLC Studios,Angela Williams
Knight-Washington Labs,Katherine Williamson
Cline-Burton Network,Linda Gill
"Gallagher, Cisneros and Shaw Labs",Michael Castillo
Ward-Phillips Labs,John Jenkins
"Howard, Henderson and Nelson Network",Megan Jones
Payne-Porter Studios,Tina Hernandez
Oconnor Ltd Studios,Mrs. Melissa Dawson
Shepherd LLC Hub,Richard Arnold
"Thomas, Norris and Mahoney Studios",Cameron Baker
Mooney-Burns Labs,Elizabeth Barnes
"Lloyd, Vincent and Ali Hub",Stephen Taylor
"Garcia, Garcia and Hall Labs",Jordan Houston
Bell Ltd Network,Victor Williams
"Olsen, Baker and Trevino Studios",Michelle Hines
Mcmillan Group Network,Amy Stuart
Lawrence-Hopkins Hub,Jasmine Garcia
Adams Group Network,Larry Hernandez
Pierce-Fields Labs,Amy Rivera
Campbell Inc Labs,Debra Wyatt
Pratt-Simmons Studios,Jennifer Hines
Reyes-Calderon Labs,Christine Mccarthy
Myers PLC Studios,Mark Jacobs
Long-Gordon Labs,Daniel Trujillo
Hoover Inc Labs,Lauren Sullivan
"Merritt, Oliver and Bates Network",James Kaufman
Graves-Mason Labs,David Williams
"Cannon, Salazar and Santana Network",Jennifer Brown
"Ford, Andrade and Gomez Studios",Brandon Keller
Lee PLC Labs,Melanie Davis
"Prince, Allen and Holt Hub",Steven Carson
Roberson Group Studios,Joshua Atkins
Robertson-Mann Network,Heidi Diaz
Strong-Scott Network,Laura Hughes
Thomas LLC Network,Derek Savage
"Stafford, Melendez and Vaughn Hub",Debra Mendoza
Mack Group Studios,Brian Luna
Sanchez LLC Hub,Benjamin Mann
Hunter-Young Labs,Jeremy Sullivan
Baxter-Bennett Labs,Rebecca Johnson
Hendricks Group Network,Angela Holmes
Butler Inc Labs,Elizabeth Mcconnell
Hernandez Inc Studios,William Robbins
Rivera-Wall Labs,Seth Smith
Thompson-Rogers Hub,Kirk Miller DVM
Francis Group Labs,Stephanie Wood
Mendoza-Mack Labs,Johnathan Walsh
Fisher LLC Hub,Patricia Holloway
Ayers-Snow Hub,Jeanette Carlson
Wilson LLC Studios,Jennifer Smith
Henson-Brown Labs,April Potter
Young-Townsend Hub,Joanna Boyd
"Marshall, Cunningham and Brown Studios",Jose Watson
"Whitney, Jenkins and Neal Studios",Curtis Francis
Martinez and Sons Hub,Connie George
Mack Group Studios,Mary Rose
Ramirez-Love Network,Jennifer Morgan
Lewis-Bridges Studios,Mrs. Maureen Lee DVM
Kelly PLC Labs,Rachael Rodriguez
"Baker, Davis and Hawkins Hub",Christopher Ward
"Bird, Young and Bowman Labs",Jasmine Ramirez
Soto-Stokes Network,Charles Clark
Acosta Group Hub,Benjamin Harris
Maxwell-Larson Labs,Raymond King
"Murray, Garrison and Washington Network",Mary Leach
Clarke PLC Labs,David Bauer
"Jimenez, Moreno and Hull Network",Janet Martinez
Alexander and Sons Studios,Sheila Harris
Simmons and Sons Labs,Mark Sullivan
"Myers, Brewer and Jones Labs",Kevin Hill
Madden Inc Labs,Amanda Frazier
Wilson PLC Labs,Dean Schneider
"Mercer, Carter and Snyder Labs",Matthew Taylor
Murray Inc Network,Courtney Stewart
Walker-Frazier Network,Robert Parks
Zamora and Sons Hub,Julie Joseph
Fields-Robinson Labs,James Jackson
"Dominguez, Hoffman and Nguyen Network",Daniel Simpson
"Parker, Nunez and Ramirez Labs",Andrew Newman
Maldonado-Gilbert Studios,Joseph Bates
Dunlap and Sons Studios,Lisa Vega
Franklin-Miller Labs,Jill Oneal
"Green, Johnson and Clark Studios",Kevin Richardson
Galvan LLC Labs,Patrick Gardner
Daniels Group Hub,Jonathan Williams
Watts LLC Studios,Matthew Mitchell
Morgan Group Studios,Jennifer Kelly
"Ford, Sanchez and Hill Hub",Steven Conrad
"Brown, Fernandez and Williams Network",Adam Duran
"Suarez, Martinez and Miller Network",Amy Russo
"Potts, Duncan and Greene Network",James Anderson
"Schmidt, Walters and Alexander Hub",Dr. David Brooks
Swanson LLC Hub,Ryan Stephens
"Thompson, Elliott and Ramirez Studios",Jessica Davidson
Rivera PLC Studios,Andrew Parker
Romero-Cunningham Studios,Brittney Parker
"Adams, Padilla and Lawrence Studios",George Hurst
Thompson-Fitzpatrick Network,Brittany Gross
"Valentine, Casey and Brown Hub",Nichole Greer
"Keller, Cortez and Mendoza Labs",Jonathan Hess
Smith-Thomas Hub,Zoe Peterson
"Martin, Dorsey and Wright Labs",Tina Hernandez
Morris-Webb Network,Melissa Clayton
Lucas-Baird Hub,Rachel Richardson
Gonzalez-Whitney Hub,Jennifer Norris
Blackwell Group Hub,Susan Fitzpatrick
Scott-Burton Network,Richard Jones
"Young, Morris and Moon Network",John Cooke
Salazar-Mendoza Hub,John Luna
Stephens Group Labs,Ashley Daniels
Clark-Ford Network,Douglas Miller
"Thompson, Moss and Barnes Hub",Jeffrey Li
Ward Ltd Labs,Briana Rodriguez
Torres Group Hub,Jay Johnson
Stewart-Mills Network,Tyler Grant
Mitchell-Walker Hub,John Turner
"Fisher, Castro and Gonzalez Labs",Kristin Nichols
Foster-Brown Network,Robert Diaz
"Jacobs, Love and Mcgrath Network",Brandon Stark
Huffman-Hodges Labs,Meghan Chambers
"Hughes, Stevens and Davidson Hub",Jacqueline Crawford MD
"Parker, Gonzales and Ross Labs",Duane Roberts
Brown Inc Studios,Rachael Newman
"Carney, Hampton and Mcgrath Network",Matthew Wright
"Wright, Johnson and Jones Network",Jason Duncan
Mendoza Group Hub,Anthony Garcia
Golden-Brennan Labs,Jennifer Stevens
Green Inc Studios,Cameron Spencer
Simmons-Jones Studios,Lisa Chan
Maxwell Ltd Labs,Kimberly Miller
"Hunt, Delacruz and Bailey Network",Dustin Nelson
"Flores, Smith and Haas Studios",Marissa Price
"Johnson, Snyder and Robertson Studios",Jennifer Flores
Meadows-Whitaker Studios,Tiffany Hutchinson
Jones-Gray Hub,Kristen Ross
Morgan Inc Hub,Diane Stout
Aguilar Group Network,Marcia Harrison
Frank-Rivera Studios,Linda Smith
Gray-Peterson Network,Erika Skinner
"Henderson, Bolton and Jones Labs",Steven Montoya
Webb-Stevens Network,Jennifer Barrett
"Brown, Harper and Brandt Network",Katrina Howell
Hooper Group Labs,Kevin French
"Swanson, Johnson and Aguirre Labs",Deborah Ray
"Ortega, Adams and Bautista Labs",Michael House
Davis-Morales Hub,Hannah Gardner
Buchanan Ltd Network,Colleen Lane
"Wilson, Hayes and Quinn Labs",Brent Myers
"Gibson, Rogers and Thomas Studios",Yvonne Rodriguez
Chen and Sons Labs,Sarah Johnson
"Calderon, Parker and Oliver Network",Paul Barnes
Wells Ltd Hub,Russell Kelly
"White, Cohen and Kelly Studios",Catherine Newton
Tate Ltd Studios,Amy Lee
Copeland Ltd Studios,Sarah Smith
Cline-Cameron Labs,Mr. Dylan Welch
Rose LLC Hub,Justin Jenkins
Gregory-Ross Studios,Elizabeth Mills
Shelton-King Labs,Dr. Mary Gonzalez
Thomas Inc Hub,Christina Trevino
"Schmidt, Johnson and Dominguez Studios",Christy Hernandez
Simmons LLC Labs,William Fischer
Clark Group Labs,Elizabeth Smith
Fernandez-Johnson Labs,Kyle Higgins
"Peters, Sutton and Martinez Network",Wayne Jensen
Stephens PLC Network,Deanna Oconnell
Sloan-Cox Network,Thomas Buckley
Rodriguez LLC Hub,Vincent Hendricks
Conley-Gregory Labs,George White
Lewis Group Studios,James Carroll
"Wagner, Miller and Franco Labs",Phillip Thompson
Holmes Ltd Hub,Laura Grimes
"Williams, Garcia and Turner Hub",Paul Cain
Butler-Williamson Hub,Brian Avila
Henderson-Frazier Hub,Sandra Perez
Parker-Rodriguez Studios,Thomas Brown
"Thomas, Baker and Davis Labs",Diana Cook
Stephenson-Hanson Network,Kimberly Santana
Johnson LLC Network,Joseph Kaufman
Tucker Group Network,James Waller
Cruz LLC Labs,Monica Sanchez
Smith LLC Studios,Stephanie Cross
Arnold Inc Studios,Briana Bird
"Scott, Richardson and Weaver Labs",Mrs. Martha Moore
Jacobs LLC Hub,David Hoffman
"Washington, Skinner and Drake Labs",Jennifer Molina
"Guzman, Caldwell and Lin Network",Emily Brown
"Carpenter, Schultz and West Hub",Eric Chung
"Miles, Collins and Woodard Studios",Tina Atkinson
"Green, Burns and Velasquez Hub",Catherine Clark
"Kaiser, Navarro and Kerr Hub",Barbara Hall
Scott LLC Network,Rebecca Perry
Brown Inc Network,Angela Mathis
Walker PLC Hub,Kevin Jones
Medina Group Labs,Heather Conway
Johnson-Butler Network,Tiffany Ward
Garcia-Rogers Hub,Allison Dougherty
Medina Inc Studios,Scott Jones MD
Young-Martinez Studios,Brandon Stewart
Lewis-Myers Labs,Brett Howard
West-Shelton Network,Karen Lee
Wood-Cole Studios,William Kim
Ayala-Brown Hub,Corey Stevens
"Pearson, Mckinney and King Hub",Molly Brady
Mercer PLC Hub,Tara Walker
"Smith, Young and Woodward Labs",Sarah Nguyen
Morris-Young Network,Michelle Morris
"Washington, Brown and Lee Labs",Mary Salinas
"Miller, Snyder and Bentley Hub",Paul Craig DDS
"Henry, Harmon and Gross Network",Anita Meza
"Butler, Pratt and Watkins Hub",Jacob Wilson
Frye-Sanders Labs,Christine Ho
Allen-Williams Labs,Maria Martinez
"Patterson, Hill and Robbins Hub",Wendy Brewer
Rivera-Reed Labs,Jaime Castro
Peterson LLC Hub,Ronald Hayden
Gutierrez Inc Network,Jessica Garza
"Williams, Romero and Parrish Studios",Christopher Mccormick
"Cisneros, Potter and Barrett Hub",Steven Williamson
"Ramsey, Roberts and Murphy Network",Katherine Miles
Ortega-Vincent Hub,Christopher Rodriguez
"Lee, Wilkerson and Smith Network",Patrick Campos
Lopez-Meyer Studios,Michael Gill
Hernandez-Powers Labs,Diana Johnson
"Bailey, Shepard and Perez Studios",Michael Wells
House Ltd Studios,Ashley Schultz
"Johnson, Simpson and Goodwin Network",Frank Chung
Hunt Ltd Labs,Heather Cameron
Boyd-Davis Network,Angela Friedman
"Thomas, Smith and Crosby Labs",Kylie Woodward
White-Peterson Hub,Anthony Hernandez
Miller-Fitzgerald Labs,Sheila Morrow
Powell Inc Studios,Miranda Kramer
"Gomez, Ball and Mann Hub",David Santiago
Choi Group Network,Mary Black
Wallace Inc Network,Pamela Aguilar
"Murphy, Taylor and Price Labs",Amy Patel
Sanchez-Peterson Labs,John Marquez
"Miles, Sharp and King Network",Ashley Rodriguez
Rodriguez-Haley Network,Joshua Goodman
Miller Inc Hub,Tammy Bowman
Nelson Inc Studios,Billy Alvarado
Mason-Williams Studios,Charles Levy
Jones-Watts Studios,Adrian Smith
"Anderson, Smith and Sutton Hub",Brian Nelson
"Harris, Jimenez and Lee Studios",Carolyn Moran
"Hill, Scott and Garcia Studios",Jennifer Gallegos
Harper Inc Studios,Carol Berry
Chapman Ltd Labs,Patricia Frank
Garcia-Johnson Studios,Audrey Leblanc
"Burnett, Adams and Carrillo Studios",Anthony Harrison
"Gray, Smith and Williams Network",Lauren Martinez
"Maldonado, Miles and Townsend Labs",Michael Montgomery
Rodriguez-Mccormick Network,Mark Bush
Joseph Ltd Studios,Tonya Duncan
Frazier-Martin Hub,Joanne Pollard
"Parsons, Martinez and Manning Network",Gregory Pierce
"Flores, Johnson and Cook Network",James Rose
Moore-Clarke Network,Wesley Wood
"Hernandez, Thompson and Mcgee Studios",Christina Cox
Anderson-Ferguson Labs,George Smith
Andrade-Holder Studios,Christian Esparza
Smith-Barton Studios,Alexander Blackwell
"Miller, Reynolds and Moore Hub",Ivan Bernard
Wilson and Sons Labs,Jeff Lozano
"Webb, Parker and Chavez Hub",Sarah Kirby
White LLC Network,Tiffany Lin
Smith Group Hub,Adrian Sullivan
"Jefferson, May and Hall Network",Makayla Gray
Daugherty Inc Hub,Alisha Adams
Torres-Stewart Hub,Antonio Green
Anderson LLC Network,Mark Gill
Sutton-Burch Labs,Christina Smith
Villanueva Inc Network,Kenneth Lamb
Smith-Nelson Hub,Cynthia Todd
"Johnson, Malone and Matthews Hub",Jason Riggs
Gregory-Fuller Labs,Julian Hays
Hale-Hansen Labs,John Galloway
"Johnson, Knight and Adams Hub",Ryan Johnson
Dorsey LLC Network,Brittney Garner
Maxwell-Scott Studios,Carla Smith
Harris-Williams Hub,Michelle Mccormick
Green-Vaughan Network,Patricia Diaz
Caldwell Group Network,Thomas Johnson
Bennett-Gillespie Network,Jason Swanson
Velasquez Inc Network,Alexander White
Jones Inc Labs,Casey Bowen
Patrick Inc Studios,James Smith
Manning-Lopez Network,Melanie Wright
Patterson LLC Studios,Tina Lopez
Charles-Rhodes Network,Nicole Smith
"Olson, Ramos and Williams Hub",Roger Atkinson
"Rodgers, Harris and Cole Labs",Anna Nichols
"Mosley, Mccarty and Rose Labs",Joshua Coleman
Barber-Ramos Labs,Carol Walker
Johnson and Sons Hub,Joseph Esparza
Mendoza-Branch Labs,Jordan Davis
Nelson-Martin Studios,Kimberly Bright
Mcdaniel Inc Hub,Robin Stanley
"Alvarado, Beck and Singh Network",Rhonda Fields
"Morales, Krueger and Blake Network",Sarah Young
Richards Ltd Studios,Stephanie Wallace
Savage-Sims Studios,Deborah Taylor
Villanueva-Crawford Labs,Leah Stewart
Smith-Phillips Studios,Jared Hayden
Kramer LLC Network,Linda Cardenas
"Watkins, Peterson and Hunt Labs",Valerie Whitaker
Glass-Ferguson Network,Heather Morales
Harper-Clark Network,Claire Murillo
Odonnell-Haynes Studios,Lori Barron
Good-Jones Hub,Steven Arellano
Jones Ltd Hub,Theodore Owens
Garner-Hendricks Hub,Mary Davis
"Coleman, Martinez and Johnston Labs",Charles Norris
Colon Ltd Studios,Sean Hall
"Berg, Williams and Gilbert Hub",John Castro
"Gonzalez, Leonard and Ramsey Network",Christopher Park
"Huber, Soto and Brown Studios",Joseph Torres
"Conner, Lewis and Carter Network",Michael Smith
Silva-Franklin Labs,Michael Miller
Bautista-Rodriguez Network,Amanda Baker
Owens-Sweeney Hub,Theresa Smith
"Jackson, Ball and Ryan Network",Barry Flores
Archer LLC Studios,Stephen Taylor
"Foster, Hart and Roberts Hub",Destiny Rivera
Davis-Fuentes Hub,Julie Chan
Anderson Inc Labs,James Hicks
"Cortez, Salazar and Davis Studios",Belinda Mason
Miller-Green Labs,Hayley Martinez
Hodges-Anderson Hub,Jerry Kirby
Myers-Garza Labs,Joseph Wilson
"Clayton, Rollins and Jarvis Labs",Tiffany Hart
"Kim, Brown and Peterson Hub",Nancy Hartman
Anderson-Smith Labs,Gabrielle Gardner
Callahan-Nunez Hub,John Gonzalez
Anthony-Reed Labs,Michael Johnson
Hayes-Carter Hub,Selena Baker
"Casey, Perez and Hall Network",Jimmy Diaz
Conley Ltd Hub,Dr. Sarah Miranda
"Johnson, Taylor and Rodriguez Studios",Benjamin Craig
Johnson and Sons Studios,Nicole Thomas
"Mcmahon, Stephens and Gutierrez Hub",Michelle Turner
Allen Inc Studios,Alan Barnes
Aguilar-Adams Hub,James Vaughn
Allen Inc Studios,Kylie Baldwin
Perez LLC Network,Jason Larson
Bartlett LLC Network,Eric Jackson
Kim-Alexander Labs,Joseph Mclean
"Harris, Robinson and Garcia Labs",Eric Bailey
Francis Ltd Labs,Jennifer Bruce
"Mendez, Guerrero and Johnson Studios",Mr. Michael Snyder
"Montgomery, King and Klein Studios",Samuel Friedman
White-Lopez Studios,Elizabeth Sherman
Shelton-Sanchez Network,Erin Gray
Tanner Inc Studios,Brian Thomas
"Proctor, Woodard and Sutton Labs",Joshua Diaz
Mendez PLC Studios,Adrian Robles
White-Jackson Studios,Dominique Hughes
Roberts Ltd Network,Stephanie Guerra
Miller Inc Network,Kirsten Jackson
Jimenez-Harris Hub,Michael Hawkins
Schaefer LLC Labs,Brandon Goodman
Armstrong PLC Hub,Catherine Hardin
"Moreno, Freeman and Parrish Network",Jeremiah Freeman
Lowery and Sons Studios,Theresa Smith
"Mccarthy, Reynolds and Johnson Labs",Victor Green
Smith-Harris Studios,Dillon Bond
"Nicholson, Delgado and Sharp Network",Patricia Harrison
Robinson-Webb Studios,Jacob Newman
Friedman LLC Network,Matthew Pugh
King-Wagner Studios,Caroline Roberts
Ramirez-Rivera Studios,John Johnson
Buckley-Fuller Studios,Roy Browning
Soto and Sons Hub,Aaron Rogers
Bradford-Ross Studios,Cheryl Pierce
Price Group Studios,Michael Snyder
"Mejia, Miles and Sims Studios",Crystal Gallagher
Brown-Martinez Studios,Janice Patel
"Cook, Wood and Snyder Hub",Patricia Martinez
Hernandez Group Hub,Carlos Castillo
"Cooper, Howell and Monroe Labs",Lori Cisneros
Rodriguez PLC Hub,Ricardo Gamble
Sanders-Ruiz Hub,Cynthia Jennings
"Shannon, Webster and Dudley Hub",Randall Henry
Jordan Ltd Network,Anne Porter
Thompson and Sons Labs,Ashley Underwood
Carroll-Fox Hub,Susan Dominguez
Baker Ltd Labs,Robin Williams
"Rosales, Mendoza and Mendoza Labs",Makayla Smith
Fox Ltd Hub,Brooke Silva
Nichols and Sons Network,Theresa Carter
Gibson Group Labs,Lisa Hartman
Williams-Wells Network,Megan Mcgee
Gamble-Gentry Studios,Victoria Garrett
Johns and Sons Network,Patricia Smith
Bentley-Smith Hub,Connie Peterson
Brown-Hodges Hub,Julia Bridges
"King, Taylor and Jenkins Studios",David Baker
Miller PLC Labs,Earl Rivera
West and Sons Network,Stacey Martin
"Clark, Griffin and Thomas Studios",Maria Mitchell
"Sanders, Sparks and Cox Network",Raymond Anderson
"Marks, Rogers and Hanson Labs",Nicole Matthews
"Delgado, Lopez and Camacho Network",Michael Hall
Sweeney Group Network,David Horton
Faulkner-Arias Network,Jeffrey Patterson
Roman PLC Network,Robert Powell
"Gray, Bell and Montgomery Labs",Gina Haley
Dickerson-Lyons Studios,Amber Woods
Graham-Hooper Network,Sarah Mcmahon
"Petty, Keller and Anthony Studios",Mary Thompson
Washington-Mayer Network,James Brown
Flores Inc Labs,Bradley Williams
Garcia-Garza Labs,Nicholas Evans
"Strickland, Henson and Harris Labs",Kelly Beasley
White-Rangel Hub,Michael Garrison
Howard PLC Labs,Janet Johnson
"Mcneil, Gilbert and Smith Labs",Mark Henderson
Leonard-Holland Network,Tyler Hernandez
Hamilton Group Hub,Jason Rodriguez
Spencer LLC Hub,Christopher Roberts
"Wright, Zimmerman and King Labs",Cory Grant
"Navarro, Mclean and Hopkins Studios",Anita Ruiz
Sosa Inc Studios,Dylan Perez
"Boyd, James and Preston Hub",Sierra Navarro
Golden-Williams Hub,Daniel Wells
"Lopez, Jones and Thomas Hub",Bryan Perez
"Smith, Sexton and Valdez Labs",Anthony Dennis
Farley-Bennett Network,Edward Moreno
Parker-Morris Studios,Sabrina Murphy
Wong-Owens Studios,Anna Smith
Johnson-Campbell Network,Jasmine Smith
Hunter LLC Labs,Joseph Ryan
"Liu, Allen and Griffin Studios",Brianna Simmons
Gregory-Cole Network,Jason Gray
Adkins Group Studios,Casey Porter
Reese-Faulkner Labs,Adrian Schroeder
Glenn and Sons Studios,Eric Odom
Martin-Harris Network,Joshua Dean
Cunningham Group Studios,Steven Mueller
Brown-Montgomery Studios,John Jones
Bowman Ltd Network,Jose Rosales
Robinson-Pennington Network,Billy Wells
Lee-Hayes Labs,David Smith
Chan-Clayton Hub,Nicholas Welch
Wade-Eaton Labs,Jimmy Scott
Phillips PLC Labs,Julie Gibson
"Clarke, Boyd and Diaz Studios",Daniel Jarvis
Whitney-Rodriguez Network,George Schultz
Dyer Group Network,Heidi Wright
Schwartz Inc Hub,Charles Owens
Dixon Ltd Hub,Drew Gay
Chavez LLC Studios,Christopher Mitchell
"Robbins, Hunter and Johnson Network",James Brooks
Fernandez Ltd Studios,Caleb Sanchez
Davidson and Sons Labs,Adam Hernandez
"Cook, Herrera and Woodard Studios",Melissa Johnson
"Lee, Hess and Marshall Network",Deanna Smith
Ryan PLC Hub,Charles Brooks
"Stephens, Flynn and Beck Network",James Cooper
"Edwards, Ballard and James Studios",Michael Williams
"Gross, Larson and Duncan Labs",Laura Hoffman
"Newman, Davies and Mendoza Network",Dawn Kane
Gonzalez PLC Labs,Brady Terry
"Mcclure, Mccarthy and Simpson Network",Matthew Lester
Wilson-Cameron Network,Melvin King
"Kelley, King and Sullivan Hub",Chelsea Bates
Ramirez Inc Network,Stacy English
"Ferguson, Moore and Thompson Labs",Ricky Rodriguez
Campbell-Dominguez Hub,Jessica Morris
Mann and Sons Network,Cindy Jenkins
Frazier Ltd Network,Amber Morton
Lee-Silva Studios,Joan Suarez
Mcmillan and Sons Studios,Heather Schroeder
"Harris, Wright and Rollins Studios",Shelly Miller
"Moore, Hamilton and Burton Hub",Michael Liu
"Fowler, Sampson and Richardson Labs",Nicolas Russo
Rollins-Cantu Labs,Richard Atkins
Mckinney and Sons Studios,Theresa Mendoza
Carroll-Landry Labs,Crystal Gonzalez
Clark LLC Studios,Jared Ray
"Nash, Hammond and Klein Labs",Peter Wang
Dodson-Mercer Network,Christina Cole
Perez Inc Network,Carla Nelson
"Smith, Mejia and Santos Labs",Heidi Lopez
Parker-Beck Labs,James Hooper
Mora-White Network,Andrea Long
Maxwell-Meza Network,Natalie Pierce
"Green, Mccormick and Bell Studios",Donna Jackson
Guerrero-Greer Labs,Felicia Henry
"Hoover, Douglas and Smith Labs",David Bullock
"Robinson, Miller and Wright Hub",Michael Cunningham
Miller Group Hub,Dr. Laura Buchanan
King Ltd Studios,Teresa Ford
Rodgers-Garcia Studios,John Parker
"Owens, Rodriguez and Cunningham Studios",Stephen Navarro
"West, Moran and Flores Network",Tabitha Martinez
Jordan LLC Labs,Andrew Lawson
Hendricks Inc Labs,Anthony Cox
Webster-Dean Labs,Charles Lee
Mclaughlin-Strong Studios,Jerry Baker
"Chen, Duncan and Austin Network",Michael Duncan
Clark Ltd Studios,Corey Stephenson
Best-Carney Network,Katrina White
"Ward, Mason and Ryan Network",Joshua Patel
"Reed, Villegas and Simmons Network",Kimberly Gordon
Robertson-Vazquez Studios,Misty Wong
Moody PLC Studios,Randall Hoffman
Reese and Sons Labs,Michelle Sanchez MD
Fowler-Flores Network,Andrew Short
Schultz Group Studios,Marie Baker
"Curtis, Patel and Mclean Studios",Adrian King
Adams Ltd Labs,Collin Schultz
Frye-Mendoza Studios,Vanessa Rodriguez
"Fields, Coleman and Roberts Hub",Melissa Hernandez
"Cobb, Carter and Farley Hub",Kathryn Parker
"Macdonald, Carter and Casey Labs",Amanda Drake
James and Sons Studios,Joseph Alvarez
Garza-Miller Hub,Craig Blair
"Gibbs, Jones and Gonzalez Labs",Susan Harris
Luna-Higgins Hub,Anna Jarvis
Davis PLC Network,Mary Lopez
Moore Group Labs,Michael Barrett
Richards-Wright Hub,Kristin Davis
Murphy and Sons Labs,Julie Moran
"Thomas, Jennings and Preston Studios",Mark Vaughn
Jackson-Hood Network,Lisa Woods
Hahn-Zhang Studios,Zachary Russell
"Watkins, Sherman and Hayden Studios",Dr. Michael Hayes
"Delgado, Foster and Schmidt Network",Lisa James
Williams Group Labs,Mrs. Eileen Lee MD
"Mendez, Vargas and Cuevas Studios",David Simpson
Price and Sons Network,Lindsay Wells
Harrison-Patel Studios,Larry Valdez
Thompson Ltd Labs,Michael Smith
"Smith, Perkins and Baker Studios",Melanie Rangel
"Flynn, Rodriguez and Jones Hub",Travis Perez
Wilkerson Ltd Hub,Clayton Williams
"Nelson, Herrera and Stout Network",Norma Diaz
Carpenter-Ortiz Studios,Wesley Tucker
Smith-Anderson Hub,Amanda Manning
Levy-Hayes Studios,Mark Wallace
"Phillips, Mitchell and Rodriguez Hub",Elizabeth Costa
Green-Jones Network,Patricia Haynes
"Stewart, Ortiz and Figueroa Labs",Christopher Wang
Baird and Sons Network,Leonard Sandoval
"Aguilar, Barrett and Stevens Labs",Sandra Scott
"Bridges, Smith and Smith Labs",Christopher Lee
"Foley, Griffin and Thomas Network",Peter Tran
Moon-Adams Network,Derek Harmon Jr.
Spencer-Barnes Labs,Patty Kim
Jones-Watts Network,Denise Weiss
Andrews-Foster Studios,Charles Martinez
Taylor-Baker Labs,Timothy Smith
Perez and Sons Hub,Jesus Flynn
Larsen Ltd Network,Jamie Everett
Smith Group Labs,Joseph Dalton
Weaver and Sons Network,Courtney Johnson
Davis-Hicks Hub,David Rodriguez
"Black, Branch and Robinson Studios",Patrick Miller
"Stewart, Hensley and Brown Network",Erika Kent
"Foster, Hunt and Miller Studios",Monica Green
Diaz-Jackson Hub,Lisa Williamson
Kerr-Curry Labs,Ethan Ritter
Sullivan-Mckinney Network,Vincent Hogan
Richardson-Barker Network,Michelle Green
Doyle PLC Studios,Holly Rich
Hayes-Rodriguez Labs,Brittany Schmidt
Miller-Levine Labs,Christopher Marshall
Hinton Ltd Hub,Gary Moreno
"Dean, Everett and Johnston Hub",Patrick Nolan
Lewis Ltd Hub,Jeremy Jimenez
Gomez Ltd Network,Susan Mills
Wallace Ltd Network,Chad Small
Marks Inc Studios,Jennifer Reese
"Miller, Rocha and Garcia Studios",Steven Moore
Moody-Hunter Hub,Angela Pacheco
Arroyo Inc Network,Amy Garcia
Herrera-Harris Labs,Alex Mann
"Hendricks, Morgan and Ramos Labs",Paul Waters
Ortiz Inc Hub,Mr. Brendan Porter
Bush-Allen Hub,Colton Brewer
Kelly PLC Network,Debbie Robinson
Welch-Underwood Labs,Rachel Choi
"Henry, Stone and Perez Hub",Tammy Tucker
Lopez-Scott Network,Phillip Willis
Mcintosh-Howe Hub,Neil Drake
Alvarado-Mata Hub,Johnny Green
"Chandler, Jenkins and Lynch Network",Wendy Mathews
Wall-Mccarty Studios,Matthew Booker
"Koch, Sanchez and Boyle Network",Roy Watson
Crawford LLC Hub,Molly Clark
"Erickson, Johnson and Reyes Studios",Anthony Howe
Martin-Howard Network,Robert Hess
Reyes Group Hub,Ann Ward
Allen Group Studios,Amanda Bauer
"Miller, Stevens and Flores Labs",Ronnie Crane
"Singh, Simmons and Bennett Labs",Christopher Parker
Martinez-Delgado Hub,Kristen Shaw
Jackson-Thomas Studios,Jenna Ewing
Powell Group Labs,Samuel Brown
"Schultz, Allen and Ross Network",Martin Taylor
Morris and Sons Hub,Laura Smith
"Jones, Hudson and Smith Hub",Elizabeth Moore
Proctor-Mitchell Studios,Peter Bowen
Turner-Hernandez Studios,Gary Young
Murray-Yates Labs,Roberto Huynh
"Raymond, Webb and Garcia Network",Erika Russell
Tate Ltd Network,Donald Duran
Kelly LLC Labs,Joshua Harvey
Hansen PLC Studios,Thomas Browning
Hays-Ford Network,Shannon Thompson
"Morales, Jones and Holland Labs",Sean Austin
"Johnson, Lambert and Hansen Network",John Williams MD
"Medina, Orr and Mcintyre Network",Norman Frazier
Frazier-Gregory Network,Eric Morgan
Parsons-Rowe Network,Gina Perez
Santos Inc Hub,Mark White
"Vasquez, Green and Davis Studios",David Cummings
Gutierrez-Salinas Labs,Wyatt Benjamin
Wright Ltd Hub,Cody Adams
Brooks-Clark Hub,Zachary Brown
Williams and Sons Studios,Connie Miranda
"Lee, Sanders and Glenn Studios",Mary Welch
Webb PLC Hub,Anthony Martin
Walls-Garcia Labs,Nancy Smith
Phillips-Nichols Studios,Angel Harrison
Smith-Cohen Network,Morgan Juarez
Rose-Glass Hub,Michael Hunter
"Morris, Thompson and Martinez Studios",Christopher Walter
Garcia-Brown Studios,Andrea Gibbs
Villarreal-Mccoy Studios,Michele Cuevas
Simmons-Miller Network,Nathan Wilson
Vaughn Inc Studios,Aaron Burns
Holmes Inc Hub,Paul Hull
Gentry Ltd Labs,Jacob Rocha
Smith-Taylor Hub,Janice Moss
Berger-Taylor Studios,Steven Townsend
Ho-Ruiz Network,Richard James
Burns-Blake Network,Sara Nelson
Hodge-Hill Labs,Cathy Castro
Lewis Inc Labs,Thomas Brown
"Taylor, Rowe and Day Studios",Sherri Bowen
Dominguez Ltd Network,Katelyn Peters
"Roberts, Garcia and Greene Studios",Erin Glenn
"West, Jones and Conner Hub",Tony Johnson II
Massey LLC Studios,Philip Bell
Moore-Choi Studios,Nicholas Hubbard
Sherman-Hansen Studios,Olivia Morris
"Elliott, Phillips and Hughes Studios",Richard Hunt
Johnson PLC Hub,Karen Smith
Roberts and Sons Studios,Spencer Rodriguez
Jones-Baker Hub,Jeffery Walls
Harrington-Avery Labs,Christian Warner
"Williams, Smith and Richardson Labs",Trevor Mccarthy
"Miller, Johnson and Hall Hub",Holly Smith
"Ortiz, Rodgers and Morton Hub",Ashley Hanson
Dalton and Sons Network,Craig Morris
Osborn-Williams Hub,Philip Harrison
Campbell-Stevens Network,Sara Graham
"Santos, Garza and Underwood Network",Julia Hall
Wilson-Rogers Network,Anita Davis
"Terrell, Gibbs and Palmer Hub",Kevin Williams
Sweeney and Sons Network,George Brown
Matthews-Barrett Network,Anna Adams
"Smith, Cantrell and Finley Studios",John Fowler
"Johnson, Griffin and Gonzalez Studios",James Martin
Jenkins-Bender Network,Alejandro Wilson
Lopez Inc Studios,Lee Harris
Nielsen PLC Network,Glenn Cunningham
"Wright, Perez and Shields Hub",James Dixon
Gonzales LLC Network,Richard Ray
Adams-Morrison Network,Erin Mcconnell
Morales-Bell Studios,Alan Gonzalez
Greene-Watts Network,Cindy Strong
Nelson and Sons Studios,Benjamin Prince
Garcia Ltd Hub,Mr. Gregory Joseph
Taylor-Woods Network,Lisa Moore
"Sanchez, Johnson and Ali Labs",Daniel Simmons
"Craig, Glover and Thomas Studios",Robert Peterson
Woodward Inc Studios,Amanda Cox
Parks-Hatfield Studios,Steven Conrad
Ford-Rose Labs,Benjamin Murray
Lewis Inc Studios,Natalie Gonzalez
Stevens Ltd Labs,Daniel Smith
"Garcia, Mitchell and Taylor Labs",Mr. Joseph Schultz
"Nguyen, Smith and Morrison Network",Yvonne Jones
"Doyle, Wheeler and Hunt Network",Morgan Ball
Lewis-Jones Labs,Brianna Riley
Bennett Inc Labs,Dr. Jonathan Price
"Parrish, Webb and Griffin Labs",Alexander Medina
Ramirez Ltd Labs,Troy Brown
Francis Ltd Network,Daisy Gillespie
Parker Inc Hub,Benjamin Wilson
Peters-Martin Hub,Tasha Smith
Smith Inc Hub,Chris Wilson
Case Inc Labs,Janice Glover
Barrett-Gomez Labs,Robert Jones
Sanchez-Holmes Network,John Collins
"Dixon, Robles and Holt Labs",Philip Adkins
"Mccarthy, Stewart and Williams Hub",Dennis Marshall
Chandler and Sons Studios,Stacy Gutierrez
Adams Ltd Studios,James Riley
"Fuller, Burton and Allen Network",Joe Blackwell
Rich LLC Labs,Alexander Smith
Bailey Group Labs,Amanda Jackson
Wells Ltd Network,Thomas Haley
Lopez Inc Network,Adrian Winters
"Evans, Prince and Mccarty Studios",Kathleen Warren
Meadows Group Network,Vincent Vazquez
"Gallagher, Rodriguez and Perez Network",Garrett Collins DDS
"Moreno, Moyer and Adkins Studios",Richard Schwartz
"Jones, Hopkins and Roberts Studios",Brian Wilson
"Miller, Valdez and Duke Hub",Kyle Vargas
Savage LLC Studios,Aaron Smith
Walsh-Flynn Studios,Mark Levine
"Nelson, Allen and French Studios",Kathryn Robertson
Schneider-Nolan Studios,Christine Parker
Hansen Ltd Labs,Kyle Berg
Foley and Sons Hub,Kelly Jones
"Smith, Melendez and Morales Network",Ryan Cobb
Moore-Travis Labs,James Kim
"Ochoa, Cummings and Park Labs",Eric Clark
Duncan-Dennis Network,Jeffrey Duarte
West PLC Hub,John Short
"Gross, Clark and Nixon Labs",Amanda Frazier
"Brown, Hanna and Walsh Network",David Perez
"Wilkins, Herrera and Rodriguez Network",David Doyle
"Reeves, Walker and Murphy Hub",Kevin Marshall
"Morris, Rodriguez and Baxter Hub",James Boyd
Hamilton-Butler Labs,Laura Perez
"Greene, Holmes and Snyder Labs",Richard Marshall
Fitzgerald Inc Network,Mr. Ronald Guerrero
"Curry, Stewart and Khan Network",Anna Morton MD
Moore Group Labs,Tiffany Landry
Barnes-Estrada Network,Paul Farrell
Nelson Group Hub,Jeremy Johnson
"White, Brown and Montes Hub",Michelle Callahan
Green Ltd Labs,Wendy Gibson
Yang Inc Network,Jessica Wright
Valencia-Smith Studios,Casey Charles
Phillips-Adkins Labs,Kristina Sweeney
Anderson LLC Labs,Thomas Phillips
Thomas-Cross Network,Kimberly Little
Ortega-Gibson Hub,Jessica Graham PhD
Mcneil-Lopez Hub,Allen Martinez
Hall Group Labs,Anthony Maldonado
"Grant, Phillips and Everett Network",Casey Mccall
"Baird, Lopez and Bender Studios",Lauren Davis
Davis-Wallace Network,Robert Knapp MD
"Jones, Munoz and Novak Hub",Mitchell Gentry
Ramirez and Sons Network,Chad Dixon
"Schneider, West and Rivas Hub",Tracey Martinez
Burgess Ltd Hub,Ronald James
Campbell-Hanna Labs,Sarah Allen
White-Cannon Labs,Nicole Juarez
Lam Inc Labs,Nicole Guerra
"Melendez, Wiley and Lee Network",David Quinn
Calderon-Bishop Labs,Patricia Maynard
Harris Ltd Studios,Sean Henson
Morales Ltd Hub,Julie Thompson
Moore Group Hub,Corey French
"Lopez, Cooper and James Labs",Cassandra Pruitt
"Terry, Phillips and Jennings Studios",Virginia Williams
Thomas-Jones Labs,Kevin Moreno MD
Williams-Koch Labs,Andrea Villegas
Sullivan-Scott Network,Ryan Alexander
"Lambert, Austin and Evans Studios",Shawn Patrick
Estrada Ltd Network,Jessica Beck
Burgess and Sons Network,Mrs. Melissa Zimmerman
Hernandez-Orr Network,Edward Stevens
"West, Davis and Pennington Hub",David Norman
"Hill, Richardson and Duncan Labs",Bradley Nichols
George and Sons Network,Maria Sullivan
Stone-Palmer Labs,Teresa Smith
Johnson-King Network,Denise Garcia
Bradford PLC Hub,Mr. Joshua King
Nelson Ltd Labs,Mr. Alexander Gonzalez
Brooks-Proctor Hub,Lisa West
"Lee, Hancock and Wong Network",James Adams
"Robinson, Bryant and Bender Studios",Melinda Wilson
"Anderson, Tucker and Bailey Network",Tracy Johnson
"Lyons, Berger and Graham Hub",Glenn Gutierrez
"Barnes, Harris and Brennan Studios",Nicole Smith DVM
Taylor-Anderson Network,Maria Hill
Beard Group Hub,Haley Barnes
"Carter, Wallace and Roberts Labs",Cindy Carroll
"Hall, Palmer and Wood Network",Nathaniel Osborne
Navarro LLC Labs,Melissa Owens
Martin Group Network,Matthew Barajas
"Russell, Williams and Hamilton Labs",Ricky Robinson
Grant Inc Hub,Kristina Wright
Thompson Inc Network,Lauren Perez
Frederick LLC Studios,Jaime York
"Turner, Knight and Elliott Network",James Summers
Huffman-Lowe Network,Jennifer Smith
Marshall-Garcia Labs,Ronald Scott
Nelson and Sons Studios,Daniel Douglas
"Davis, Miller and Gutierrez Studios",Alexis Perkins
Taylor Inc Labs,Bailey Hunt
"Casey, Morales and Edwards Studios",Tina Rivera
Brown LLC Labs,Jose Brown
"Fuller, Fischer and Lee Hub",Kimberly Myers
"Martinez, Steele and Cook Labs",Joshua Barron
"Scott, Gonzales and Anderson Studios",Sarah Jones
"Sutton, Cabrera and Harris Network",Yvonne Morales
Burke-Morris Network,Emma Conrad
Smith-Patterson Studios,Michelle Butler
Powell LLC Labs,Daniel Gibson
"Wright, Chavez and Cook Network",Katherine Woodward
Cabrera-Carr Hub,Nichole Schultz
Morales-Tran Network,Amy Osborn
Martin PLC Studios,Dr. Justin Morris
"Mcconnell, Klein and Dennis Hub",Joseph Lopez
"Cohen, Love and Johnson Hub",Thomas Gonzalez
Sellers-Duke Studios,Monique Howe
Martinez-Wade Network,Steven Hill
Marsh-Tyler Hub,Curtis Trevino
Brady-Maldonado Studios,Gary Wallace
Osborn-Patton Studios,Wayne Rose
Rios Inc Network,Hayden Bond II
Booker Group Labs,Willie Klein
Wright LLC Hub,Eric Alvarez
Vaughn PLC Network,Donna Conley
Mason Group Labs,Jean Murphy
Elliott-Gross Labs,Felicia Simmons
Caldwell Group Network,Tracy Hanson
Pineda Inc Labs,John Payne
"Peters, Williams and Miller Hub",Jason Brown
Bentley-Fox Studios,Randall Smith
Moreno-Barker Studios,Patrick Mendez
Stewart-Dudley Labs,Susan Silva
"Moore, Cruz and Alexander Hub",George Reed
Reed-Wang Hub,Robert Chang
"Spencer, Powers and Moore Hub",Tracey Jacobs DVM
Taylor Group Studios,Christina Rubio
"Morales, Beck and Davidson Labs",Brittney Ponce
"Rodriguez, Williams and Summers Labs",Matthew Webb
Klein Ltd Hub,Thomas Harmon
Wells and Sons Hub,Meredith Clark
Pena-Burns Network,Mr. Steven Mckee
Hall Inc Network,Margaret Davis
Randolph Ltd Network,Melissa Green
"Evans, White and Oconnell Hub",Alicia Smith
Long Inc Studios,Jessica Miller
Olsen-Wolf Studios,Ellen Walters
"Gilbert, Powell and Hamilton Network",Edward Obrien
"Johnson, Adams and Norman Network",Melissa Hansen
Thompson-Scott Labs,Kenneth Orozco
"Lambert, Maldonado and Aguilar Hub",Ashley Ramsey
Foster-Rodriguez Studios,Rodney Edwards
"Downs, Thomas and Wilson Hub",Morgan Glover
Hill-Hodges Studios,Jennifer Garcia
Russell-Thompson Network,Ryan Phillips
"Welch, Singleton and Gonzalez Labs",Stephen Ortiz
Campbell Group Network,Wendy Maxwell
"Mcclure, Cooper and Campbell Network",Michael Baker
"Gay, Pierce and Alvarez Studios",Timothy Phillips
"Wagner, Archer and Rangel Network",Lisa Chang
Pennington Ltd Labs,Joshua Peterson
Davis Ltd Labs,Debbie Reynolds
Webster-Reed Network,Sylvia Lopez
Giles Ltd Network,Antonio Jones
"Thomas, Bennett and Fields Hub",Jason Turner
Todd Inc Network,Steven Steele
Cole-Webb Hub,Heather Bishop
Martinez-Greene Studios,Shane Wilson
Reed-Barrett Labs,James Perkins
"Wells, Harrington and Brooks Hub",Brett Robinson
Fry Group Network,Peter Cain
Gray Ltd Hub,Dawn Pierce
Patel-Hanson Studios,Jennifer Smith
Alvarez Ltd Network,Robert Griffin
Martin-Best Hub,Marcus Nielsen
Gray-Hughes Hub,Tonya Baldwin
"Edwards, Curry and Anderson Hub",Dennis Griffin
Dunlap-Marshall Studios,Yolanda Robinson
Johnson-Cohen Studios,Johnny Rivera
Santos-Jackson Network,Kristina Harris
Johnson-Mitchell Studios,Wendy Levine
Brown-Moss Hub,William Stanley
Armstrong-Smith Labs,Scott Ramirez
Mason and Sons Studios,Melissa Clark
"Wood, Ramirez and Wood Network",Madison Lamb
Boyer-Clark Studios,Derrick Harper
Greene and Sons Studios,William Hernandez
Mcmillan-House Studios,Ana Newton
"Elliott, Greer and Potter Studios",Jasmin Atkinson
"Daniels, Wolfe and Cooper Hub",Joseph Mendoza
Ibarra Inc Hub,Stanley Strickland
"Gutierrez, Moore and Figueroa Labs",Jason Phillips
"Huff, Thomas and Hernandez Labs",Raymond Deleon
"King, Rubio and Elliott Labs",Matthew Lara
Delacruz-Torres Labs,Andrea Webb
Wyatt LLC Labs,Karen Rowe
Carroll LLC Network,Joseph Norman
Stewart-Brock Labs,Rebecca Bennett
Evans-Garcia Network,Hannah Moore
Hunter LLC Hub,Nathaniel Brown
"Stewart, Alvarez and Hall Network",Lisa Pineda
"Buck, Clark and Williams Hub",Robert Cooper
"Park, Jones and Casey Labs",Rachel Jones
"Anderson, Reilly and Callahan Network",Lisa Griffin
"Nunez, Shelton and Boyer Hub",Brett Murray
"Brown, Hale and Gordon Hub",William Rodriguez
Lamb Ltd Network,Andrew Medina
"Smith, Guerrero and Gross Studios",Aaron Contreras
Logan Group Network,Donna Thomas
Hicks-White Network,Kelly Malone
"Robinson, Hughes and Schneider Studios",David Mosley
Young-Douglas Network,Chad Montgomery
Hall Group Network,Patricia Hall
Ford and Sons Hub,Joseph Powell
Curtis-Newman Network,Emily Combs
"Gonzalez, Haley and Haley Network",Scott Jones
"Shaw, Mendoza and Ewing Hub",Aaron Robinson MD
Parker Ltd Studios,Valerie Diaz
"Brady, Jones and Gross Studios",Crystal Harris
"Roberts, Richard and Leach Labs",Christina Johnson
Mcgee-Vincent Hub,Devin Stevens
Ward Group Hub,Kevin Bennett
"Gonzalez, Griffith and Henderson Labs",Angela Alexander
Walsh Inc Hub,Carol Jimenez
Pierce-Johnson Hub,John Wilson
Palmer-Roberts Hub,Mr. Jamie Cruz
"Young, Bonilla and Miller Hub",Christina Davis
Walker PLC Network,David James
"Martinez, Mann and Campbell Hub",Lauren Hernandez
Molina-Howard Network,Daniel Hurst
Cruz-Church Hub,Daniel Middleton
Sims-Villa Network,Brent Taylor
"Moore, Barajas and Young Studios",Paul Jimenez
Stewart Ltd Labs,Brian Chapman
Ballard PLC Labs,Sarah Hicks
Sutton Group Studios,Brandon Chaney
Jackson-Li Studios,Cassandra Carter
Baker-Diaz Labs,Jason Bailey
Hamilton Ltd Network,Veronica Allen
Miller LLC Hub,Brandi Smith
Martinez LLC Hub,Megan Montoya
"Acosta, Ortiz and Benton Studios",Cole Harris
Wagner-Byrd Network,Raymond Baker
Chang-Peterson Network,Leah Thomas
Contreras LLC Network,Rachel Espinoza
Bailey-Garrett Network,Gloria Johns
"Cain, Khan and Odom Labs",Joshua Anderson
"Lawrence, Collier and Huynh Network",Jesse White
Garcia and Sons Studios,Christine Taylor
Taylor PLC Network,Paul Alvarado
Leonard and Sons Hub,Bethany Wallace
Wyatt Ltd Hub,Sean Mann
Johnson-Scott Network,Rachael Maxwell
"Garner, Walton and Miller Network",Patrick Wilkinson
Adams and Sons Studios,Michael Murray
Reynolds-Collins Hub,Kelly Vargas
Barry and Sons Labs,Sherry Ali
"Thornton, Perry and Cole Network",William Williams
Spencer-Price Studios,Chad Cameron
"Lambert, Miller and White Hub",Scott Evans
"Bowman, Cook and Mckay Network",Nancy Crane
Herring-Nichols Labs,Shannon Allen
"Anderson, Steele and Jordan Labs",Steve Brown
Cervantes LLC Labs,Christina Webster
George-Wright Labs,Austin Thomas
"Ellison, Reid and Evans Labs",Mark Gardner
Clark-Jacobs Network,David Tran DVM
Hayes PLC Hub,Jason Hess
"Bradley, Lawrence and Knight Studios",Beth Garrison
"Porter, Armstrong and Walters Hub",Jessica Carter
Eaton Group Hub,Stephen Richardson
"Duncan, Erickson and Smith Hub",Eric Frazier
"Hicks, Bradshaw and Moses Studios",Erika Lee
"May, Sanchez and Johnson Hub",Stephanie Martin
Gallagher-Rose Hub,Joseph Cisneros
Summers-Harper Labs,Carlos Barnes
Sullivan PLC Network,Nicole Harrell
"Garza, Lin and Gray Labs",James Miller
"Benjamin, Carpenter and Forbes Labs",Debra Williams
Harris LLC Studios,Taylor Pacheco
"Smith, Ramirez and Baird Labs",Michael Perez
Schneider-Kemp Hub,Robert Hunter
"Rodriguez, Jensen and Payne Hub",Robert Moreno
"Pope, Beard and Gross Labs",Christopher Robinson
Cox-Cain Network,Sharon Patrick
"Novak, Choi and Martin Hub",Cassidy Morton
"Neal, Morris and Golden Network",Grant Hall
"Russell, Vargas and Harper Studios",Stacy Diaz
Jordan-Hanson Network,Kathleen Bailey
Hernandez Group Network,James Douglas
"Davis, Williams and Rodgers Labs",Aaron Melendez Jr.
"Blair, Ryan and Mitchell Labs",Willie Wilkerson
Sandoval-Gilbert Hub,Greg Stewart
Hall Ltd Hub,Christy Mitchell
Ross LLC Labs,Jessica Cruz
"Barber, Martinez and Le Studios",Mary Hernandez
Wilson LLC Hub,Christian Robertson
"Rocha, Gonzalez and Kim Labs",Mrs. Heather Boyd
Horn Inc Studios,Sandra Conley
Wiley-Short Labs,Charles Briggs
Daugherty and Sons Labs,Aaron Gregory
Hernandez Ltd Hub,Kelly Fowler
Johnson Ltd Labs,Carrie Warren
Powers-Flores Hub,James Lewis
"Davidson, Perez and Wade Studios",Tracy Miller
"Ortiz, Smith and Flynn Studios",Thomas Fowler
"Greer, Sharp and Nelson Labs",Toni Harris
Jones-Smith Labs,Kristin Cabrera
"Johnson, Tucker and Henderson Labs",Autumn Barnes
"Roberts, Morris and Wall Studios",Kathryn Williams
Swanson-Richardson Network,Carl Lee
Ramirez Group Network,Christine Collins
"Wells, Terry and Smith Network",Anthony Mcintyre
Brown Group Hub,Eric Hernandez
"Franco, Morris and Williamson Hub",Sheila Kelly
"Smith, Barnes and Thornton Network",Anna Evans
Mccall and Sons Hub,Andrea Young
"Adams, Elliott and Christensen Hub",Aimee Lucero
"Spence, Tate and Sanchez Hub",Jonathan Jones
Davis and Sons Studios,Carl Hill
Miller-Thompson Studios,Jennifer Glenn
"Gardner, Gutierrez and Fisher Hub",Adam Woods
Fitzpatrick-Boyle Network,Bruce Baird
Brown-Jones Network,Juan Johnson
"Garcia, Leon and Thompson Hub",Virginia Collins
"Brewer, Medina and Graham Labs",Amber Sims
Hill-Braun Studios,Christina Mata
Taylor-Roberts Network,Holly Miller
Jones-Potts Hub,Matthew Lee
"Thornton, Travis and Hensley Studios",Michael Berger
Mcdonald and Sons Network,Laurie Powell
Conner-Cochran Studios,Richard Patrick
Smith-Hale Hub,David Anderson
Chavez Ltd Hub,Joseph Randolph
Washington LLC Labs,Julia Thompson
Bradley-Norton Labs,Kaitlyn Strong
"Mcdaniel, Brown and White Network",Matthew Gregory
Dorsey PLC Hub,Aaron Wood
Scott-Hernandez Studios,Hannah Atkinson
Walters-Martinez Labs,Karen Foster
Miller-Bishop Labs,Monica Robinson
Dawson-Mitchell Network,Todd Morris
Murray-Simmons Studios,Jennifer Lucero
Smith LLC Network,Steven Armstrong
Peters-Gomez Hub,Chad Diaz
Chavez and Sons Labs,Thomas Lopez
Davenport-Cabrera Labs,William Scott
"Harper, Thompson and Dougherty Network",Laurie Harrell
"Mckinney, Wright and Roth Studios",Jonathan Barnett
Pennington-Reid Hub,Kimberly Henderson
"Lewis, Eaton and Ayala Studios",Jordan Leach
Cox-Beck Hub,Kelly Smith
"Scott, Gomez and Bryan Network",Kristi White
"Gonzalez, West and Knox Network",Aaron Hayes
"Dunn, Williams and Edwards Network",Robert Beck
Adams Group Network,Angela Nunez
Martin PLC Labs,Deanna Sellers
Wilson-Cruz Studios,Alejandra Moody
"Brown, Hernandez and Hahn Labs",Victoria Bradley
Larson-Rogers Labs,Chad Cole
Yates-Owens Hub,William Lang
Garcia-Le Studios,Kimberly Lopez
"Barton, Cox and Cox Hub",Gloria Brown
Mason-Delgado Network,Misty Warner
"Sullivan, Mercado and Foley Hub",Jason Randall
Kelly PLC Network,Maurice Mullins
"Hart, Burton and Hancock Studios",Robert Nielsen
Cooley-Miller Network,Ruth Wilson
"Boyle, Stewart and Jones Labs",Casey Clark
"Foster, Lynch and Jackson Labs",Crystal Brown
Miller-Olson Studios,Tamara Thomas
Thomas-Serrano Network,Jonathan Adams
Johnson Ltd Labs,Dennis Thomas
Henderson-Collins Studios,John Stevens
Smith LLC Labs,Tammy Rivera
"Jones, Abbott and Cunningham Labs",Mary Garrett
Zhang-Flores Labs,Stephanie Lucas
Burch Ltd Hub,Linda Clark
"Gilbert, Smith and Roberts Labs",Andrew Flynn
Miles Group Studios,Sheila Acosta
Carroll-Carson Network,Theresa Barton
Matthews-Cox Labs,Adrienne Williams
Gutierrez and Sons Network,Tara Lewis
"Jenkins, Lewis and Brown Network",Wayne Young
"Murphy, Guerra and Taylor Studios",Courtney Dominguez
Stark PLC Labs,Danielle Ramirez
"Harris, Graves and Payne Network",Derrick Miles
Brown Group Labs,Sydney Zhang
Allen and Sons Labs,Rachel Johnson
Aguirre PLC Hub,Jimmy Evans
Montgomery PLC Labs,Jesse Simmons
Edwards-Andersen Labs,Tracy Day
Brown and Sons Hub,Clayton Miller
"Day, Lopez and Navarro Hub",Kevin Silva
Montes-Gilbert Studios,Miss Dawn Taylor
Allen-Moreno Network,Anna Nunez
"Scott, Carlson and Diaz Network",Bianca Crawford
Spencer-Fuller Labs,David Tucker
Peterson-Brady Hub,Brandon Ryan
"Obrien, Wallace and Ramos Labs",David Flores
"Mcknight, Allison and Clark Hub",Ethan Simmons
"Spence, Velazquez and Wells Labs",Lisa Moreno
Anderson-Green Studios,Wendy Miller
"Simmons, Woods and Mitchell Labs",Kathleen Perez
Rivera-Green Network,Cindy Allen
Mason LLC Hub,Shawn Pratt
Peterson PLC Studios,Casey Clark
Fischer-Allen Studios,Wendy Hamilton
Miller Ltd Studios,Tiffany Johns
Chang-Rollins Labs,John Huffman
Guerrero-Holt Network,Antonio Boyd
Osborne-Lopez Hub,Glenn Baker
Gray LLC Hub,Carolyn Lawrence
Burns-Mcdonald Network,Tracy Ward
"Ross, Atkinson and Hancock Network",Derek Reynolds
"Pearson, Mcneil and Mcpherson Hub",Richard Perez
Foster-Henderson Labs,Michael Hill
Miranda Group Network,Mark Tapia
Mckee-Carter Network,John Gibson
"Townsend, Turner and Orozco Labs",Cody Watson
Brock Ltd Labs,Alex Stokes
Newman LLC Network,Kimberly Lee
Martinez Group Hub,Kevin Harper
"Brown, Baker and Donovan Labs",Angela Moore
Estes and Sons Network,Tracey Hudson
"Robinson, Lopez and Hernandez Hub",Janice Best
Larson-Russell Hub,Dustin Sullivan
"Clark, Welch and Nixon Hub",Devon Hill
"Nguyen, Stewart and Colon Hub",Tina Watson
Schmidt Inc Hub,Erika Brown
Aguirre Ltd Hub,Jeffrey Cole
Tate LLC Labs,Elizabeth Norris
Franklin-Osborne Hub,Sherry Brooks
Ford and Sons Labs,Leonard Pierce
Henry Group Network,Carol Spencer
Williams LLC Hub,Daniel Howell
"Taylor, Wood and Hurley Hub",Rodney Cole
Bishop-Williamson Hub,Cheryl Vargas
Wheeler LLC Labs,Melissa Morgan
"Moss, Simmons and Nelson Labs",Amanda Mays DDS
"Garcia, Knight and Roth Network",Kenneth Booth
"Williams, Dorsey and Mcneil Hub",David Edwards
Rush Group Labs,Glenn Gonzales
Nichols PLC Network,Kelly Pace
"Perry, Rangel and Steele Network",Jasmine Mcbride
Garcia and Sons Labs,Erin Jones
Butler-Ward Network,Peter Jones
"Franco, Kline and Palmer Hub",Patrick Coleman
"Garcia, Rogers and Johnson Network",Stephanie Martinez
"Mitchell, White and Gonzalez Hub",Alicia Martinez
Logan LLC Studios,Cory Martinez
Short-Blake Labs,Monica Randall
Butler-Davis Hub,Steven Oliver
Bush and Sons Network,Marissa Carson
Contreras PLC Labs,Juan Mitchell
Melendez-Rodriguez Studios,Richard Gordon
Ward PLC Hub,Kevin Pierce
"Santos, Thomas and Jones Labs",Emily Turner
Ramos-Jensen Network,Mercedes Perry
Lowery Group Network,Diane Fisher
"Hayes, Reynolds and Mckinney Network",Gail Kelly
Daniel-Pena Network,Victoria Martin
Foley Inc Labs,Dr. Katherine Small DDS
"Pearson, Smith and Burns Network",Linda Graham
Graves-Acosta Network,James Lee
Berry-Wood Network,Mary Herman
Garner-Cox Network,Dana Cook
Thomas-Rojas Network,Nicholas Young
Moore LLC Labs,Amanda Montgomery
Meyers Group Studios,Elizabeth Reese
King Ltd Studios,Brian Johnson
"Mills, Mcguire and Banks Labs",Jason Guerrero
Jimenez-Foster Hub,Jason Johnson MD
Johnson PLC Hub,Marie Brown
"Fritz, Gamble and Robinson Studios",Amanda Farrell
Wood-Garcia Labs,Kendra Shannon
Garcia-Johnson Hub,Craig Young
"Ruiz, Jefferson and Johnston Labs",Ronald Bruce
Sims LLC Hub,Tanya Gutierrez
Harris-Sherman Hub,Lisa Watson
Perez and Sons Studios,Marie Hancock
"Small, Matthews and Maxwell Labs",Ricky Chen
"Hill, Simpson and Davis Studios",Kristin Frazier
"Castillo, Daniels and Smith Studios",Matthew Douglas
Wallace-Lee Hub,Robert Shah
Tyler Ltd Network,Scott Brown
"Schmidt, Scott and Benitez Network",Lindsay Hall
"Wallace, Gardner and Booker Labs",Kelly Boyd
"Fitzgerald, Harris and Sawyer Labs",Tina Baker
"Robinson, Dawson and House Studios",Bruce Howard
Rodriguez-Brown Network,Aaron Rodriguez
"Holt, Decker and Kelly Studios",Jeffrey Rodriguez
"King, Patrick and Smith Studios",Collin Lambert
"Wallace, Mack and Lee Labs",Molly Johnson
"Bailey, Hunt and Carrillo Labs",Danny Guerrero
"Bernard, Young and Singleton Hub",Christian Lang
Anderson PLC Studios,Jessica Williams
Black LLC Network,Bailey Richardson
Holmes-Bishop Labs,Terrance Flowers
Green Group Studios,Craig Bauer
"Richardson, Taylor and Clark Labs",Kelly Pearson
Moreno Inc Hub,Robert Landry
"Smith, Bass and Ramirez Network",Daniel Miller
Garcia and Sons Labs,Timothy Montgomery
Simpson-Yang Labs,James Hammond
Mckay-Gardner Hub,Paula Cuevas
Davis LLC Network,Matthew Andrews
"Price, English and Chapman Hub",Angela Cruz
Mcdaniel-Acevedo Hub,Thomas Stafford
Sosa-Davis Labs,Diane Stevens
"Cox, Yang and Costa Studios",Christina Turner
"Martin, Fletcher and Davis Network",Beth Calhoun
"Stewart, Wright and Cox Hub",Stephanie Murphy
Jenkins Ltd Hub,Ronald Wong
"Cabrera, Rodriguez and Mathis Labs",Lisa Boone
"Green, Wilkins and Bates Hub",Douglas Torres
Simmons Ltd Studios,Hannah Mccoy
Rodriguez and Sons Studios,Robert Heath
White and Sons Studios,Mary Welch
"Flores, Edwards and Clark Network",Angela Brown
Spencer Inc Network,Jeremy Haynes
Barker Group Network,Stephen Miller
Craig-Johnson Studios,Richard Cox
"Santos, Stephens and Murray Hub",Alexis Miller
Flores-Shea Hub,Brooke Torres
Warren Inc Labs,Maria Thomas
"Richards, Diaz and Jimenez Network",Sara Short
Robertson-Cooper Network,Valerie Bell
Martin-Santos Labs,Christopher Mccarthy
Anderson Ltd Network,Renee Williams
Martin LLC Hub,Michael Pena
"Lee, Crawford and Cain Network",Robert Mejia
Kelley-Mcintosh Studios,Tina Clark
Wilson and Sons Network,Jay Stafford
"Wilkerson, Moore and Gibbs Studios",Jennifer Weber
Howard-Fernandez Labs,Kerry Crane
"Davis, Williams and Perry Studios",Fernando Gonzales
Duran and Sons Studios,Pamela James
Green LLC Hub,Sarah Green
Schmidt Group Labs,Megan Stark
Smith PLC Studios,Michael Hernandez
Watson-Ramirez Labs,Laura Butler
Duncan-Wilson Labs,Christopher Gardner
"Hall, Briggs and Colon Network",Katie Mitchell
"Mills, Ramirez and Case Network",Frank Salazar
Goodwin Ltd Network,Angela James
Smith-Mason Studios,Jerry Bailey
"Haley, West and Frey Network",Jessica Ramirez
White-Eaton Labs,Erica Bryant
Roach PLC Hub,Brian Murray
"Huynh, Sheppard and Martinez Labs",Robert Wilson
Jones-Nunez Network,Brenda Curtis
"Baker, Jones and Miller Labs",Jeffery Jimenez
"Moore, Kim and Anderson Labs",Christopher Thomas
Smith-Boyle Labs,Felicia Thompson
Knight-Le Network,Jeffrey Ford
Joseph Group Studios,Andrea Williamson
"Mcdonald, Wood and Brown Studios",Randy Glover
Johnston Group Hub,Michelle Wilson
Armstrong Ltd Hub,Robin Martinez
Young PLC Labs,Jamie Martinez
Miller and Sons Labs,Sarah Ward
Davis and Sons Hub,Andrew Gray
Gutierrez Ltd Labs,Sean Evans
Oconnor Inc Network,Warren Wilson
Thompson-Gaines Hub,Brandi Hall
"Sanchez, Kramer and Edwards Network",Jeremy Johnson
Frazier Inc Network,Jasmine Little
Davidson-Medina Studios,Rodney Rivera
Smith and Sons Network,Mr. Steven Jones
"Nguyen, Thompson and Estrada Network",Robert Delgado
Dalton-Christensen Studios,Jennifer King
Baker Group Network,Hector Morales
Torres Inc Studios,Mrs. Amber Simmons
Smith LLC Labs,Kevin Benson MD
"Nguyen, Mason and Finley Hub",Karen Bush
"May, Ramirez and Lawson Labs",Kristin Cooper
"Smith, Yang and Hernandez Hub",Kimberly Vazquez
Avery Inc Studios,Joseph Wilson
Casey LLC Studios,Kimberly Johnson
Kennedy Group Studios,Tabitha Rodriguez
"Wright, Shah and Smith Network",Cheryl Rice
Choi PLC Labs,Donna Wells
"Powell, Anderson and Miller Studios",David Kelly
Wilkinson-Watkins Hub,Sean Miller
"Richardson, Spears and Franklin Hub",George Warren
"Morgan, Bowman and Adams Studios",Peggy Hester
Erickson-Lee Labs,Joseph Robertson
Griffin LLC Studios,Jack Bridges
"Marquez, Johnson and Burke Labs",Melinda Small
Jordan PLC Hub,Marissa Smith
Morris-Mora Labs,Anne Sims
"Williams, Hernandez and Valencia Labs",Patricia Rose
Mack Inc Network,Lacey Tucker
Lynch-Silva Studios,Ricky Wright
Valentine-Ingram Network,Emily Rivas
Mitchell-Johnson Network,Ryan Williams
Wilson-Mahoney Network,Abigail Clark
Barber LLC Studios,Michael Smith
James Inc Hub,Matthew Hughes
"Wilson, Wagner and Fox Studios",Jill Padilla
Coleman-Leon Hub,Evan Holden
"Stone, Burch and Robertson Labs",Evan Young
Davis Inc Labs,Misty Ruiz
Evans-Jackson Studios,Randy Washington
Armstrong PLC Studios,Jo Deleon
"Huerta, Moore and Turner Hub",Samuel Stein
Gilbert-Anderson Labs,Jonathan Hendricks
Hernandez LLC Network,Tracy Nelson
Gamble-Eaton Hub,Mike Ramirez
"Johnson, Macdonald and Brooks Network",Mary Baird
Dickerson-Hart Hub,Maria Rogers
"Hall, Mccullough and Phillips Labs",David Lopez
"Roman, Singh and Bautista Studios",Terri Stephens
"Thompson, Schneider and Morgan Studios",Julie Scott
Jennings and Sons Labs,Jeffrey French
Campbell Group Hub,Stephanie Williams
Phelps-Hernandez Hub,Gina Rios
"Holloway, Jacobs and Lamb Labs",Stephanie Todd
Bell LLC Hub,Beth Adkins
"Huynh, Lewis and Hall Network",Stacey Small
Levy PLC Labs,Christie Johnson
Smith Inc Labs,Jonathan Mccullough
Thomas-Hill Hub,Jordan Gibbs
"Jones, Ewing and Sutton Studios",Raven Alexander
Martin-Graham Hub,William White
Smith PLC Network,Nathan Reeves
Smith-Edwards Studios,Erin Holland
Henry PLC Network,David Gillespie
"Figueroa, Williams and Bailey Labs",Gina Wilkerson
Adams Group Studios,Caitlin Hodges
Wiley Group Hub,Brian Hill
Russell and Sons Labs,Kristine Neal
Gonzales-Powell Labs,Heather Mitchell
"Becker, Weaver and Davis Hub",Kathryn Miller
Logan-Thompson Labs,Edwin Trujillo
Snyder-Parker Hub,Sheila Carter
Wheeler-Reed Hub,David Bailey
Collins-Wang Network,Joseph Garza
Garner Ltd Labs,Marvin Pineda
Jones-Reed Studios,Aaron Hawkins
Adams Group Labs,James Miller
Glover Inc Studios,Jacob Lane
Smith Inc Hub,Jose Hinton
Hall Ltd Network,Susan Brown
"Diaz, Daniels and Banks Labs",Edward Phillips
Perry Ltd Studios,Michelle Pugh
Davidson-Donovan Studios,Christopher Benson
Chapman and Sons Hub,Mary Mason
"Martinez, Frederick and Clark Network",Katherine Hill
Ortega-Walker Network,Yvonne Snyder MD
"Barber, Baker and Cook Labs",Melanie Torres
Stewart-Sims Labs,James Jenkins
Warren-Lee Studios,Kimberly Boyer
Gibson-Young Network,Amy Bean
Fields Group Hub,Noah Matthews
"Hansen, King and Hart Network",Daniel Lewis
Pace LLC Network,Mark Rodriguez Jr.
Ferguson Ltd Labs,Karla Dawson
"Allen, Ferguson and Russell Network",John Campbell
Torres-Taylor Labs,Alan Smith
Ramirez and Sons Hub,Patricia Gallagher
"Wilson, Wilson and Klein Labs",William Walters
"Stewart, Riley and Little Network",Scott Ford
"Rodriguez, Horton and Jackson Studios",Teresa Carter
"Koch, Caldwell and Henderson Hub",John Welch
Alvarez-Armstrong Network,Jesus Frost
Blackwell-Bailey Studios,Matthew Noble
Fisher-Hammond Labs,Brianna Faulkner
Evans-Morris Studios,Christopher Buckley
Oconnor-Patton Labs,Jordan Martin
Roberts-Rogers Network,Dana Brown
Beasley-Anderson Network,Theresa Short
Owens-Perez Labs,Jennifer Mack
Wilson-Carter Studios,Hannah Ford MD
Weiss-Page Network,Pedro Rodriguez
Jackson Ltd Network,Morgan Robinson
"Richardson, Peters and Jackson Studios",Andrew Edwards
"Burke, Sutton and Manning Labs",Gloria Erickson
Taylor Group Studios,Mia Shepherd
"Booker, Smith and Alexander Labs",Keith Larson
Clark LLC Labs,Andrew Brooks
Brock and Sons Studios,Johnny Kelly
"Andrews, Williams and Murphy Studios",Alisha Klein
Duke-Welch Labs,Sydney Hunt
"Adams, Smith and Cherry Hub",Mr. Frank Moreno
Hayden-Torres Studios,John Johnson
Thomas-Murillo Hub,Kelly Lewis
Davidson and Sons Network,James Martinez
Estrada-Murphy Hub,Margaret Fowler
Gray-Bridges Network,Vanessa Lambert
"Dominguez, Andrews and Schneider Studios",Diana Turner
Washington LLC Hub,David Brandt
Day Inc Hub,Carlos Boyer
"Johnson, Bridges and Jordan Hub",Dr. Heather Salas DDS
Leonard-Harris Labs,Joanne Armstrong
Howard Inc Studios,Tanner Johnson
Swanson and Sons Network,Don Patel
Hernandez PLC Hub,Bradley Lopez
Wells Inc Studios,Roger Moore
"Murphy, Skinner and Brown Labs",Mark Pacheco
Williams LLC Studios,Joseph Salazar
"Trujillo, Franco and Brown Hub",Victoria Ayala
Robinson-Turner Studios,Lauren Conrad
Reyes LLC Network,Richard Douglas
Mcclain and Sons Hub,Barbara Smith
"Rose, Harris and Lozano Labs",Travis Garza
Ward-Wood Network,Dalton Flores
"Fisher, Hutchinson and Evans Network",James Wolfe
Juarez Group Network,Pamela Alvarez
"Kent, Dixon and Gay Hub",Clifford Swanson
Silva LLC Studios,Jennifer Evans
Villa-Fischer Hub,Cameron Mason
"Carlson, Hendricks and Smith Hub",Elizabeth Murphy
Vargas-Jackson Studios,Alicia Stephens
"Perez, Petersen and Freeman Network",Christopher House
Santos Ltd Labs,Eric Powell
"Johnson, Barnes and Walker Network",Amanda Harris
Thompson-Boone Hub,Matthew Velez
Green-Jenkins Labs,Roger Adams
Moore-Marquez Studios,Kristi Johnson
Martin-Fields Labs,Jaclyn Hart
Whitehead Inc Network,Lori Thomas
"Brown, Woodward and Hall Hub",Christopher Riley
"Chen, Zimmerman and Perry Network",Cameron Cross
Robertson-Martinez Hub,Sally Jenkins
Harris-Roman Network,April Hernandez
"Ward, Mendoza and Adams Studios",David Raymond
Moore Ltd Network,John Hanson
Flowers-Wilson Studios,Mariah Jackson
"Boyer, Higgins and Diaz Labs",Michael Cook
Roberson Inc Network,Lisa Chavez DDS
Gutierrez Group Labs,Tammy Bowers
Burke Ltd Hub,Ashley Velasquez
"Walter, Kelly and Rodriguez Labs",Julie Butler
"Velasquez, Moore and Cruz Hub",John Parsons
Kerr and Sons Studios,Shawn Swanson
Young Ltd Labs,Matthew Black
"Rose, Blake and White Labs",Paul Bailey
Villarreal-Arias Studios,Anna Mcbride
"Fitzpatrick, Jensen and Johnson Labs",Maria Crosby
Davis Group Labs,Mathew Baker
Bradley Group Studios,Megan Smith
"Marshall, Hernandez and Allen Network",Carla Garcia
Rose LLC Labs,Darlene Moreno
"Sharp, Neal and Bowman Labs",Susan Hines
"Wolfe, Edwards and Richardson Network",Michael Davis
Williamson Group Labs,Sandra Stark
Shea-Elliott Network,Mrs. Rachel White
Morgan-Figueroa Labs,Christine Henderson
"Kirby, Higgins and Butler Studios",Shelly White
Parker-Morales Network,Kim Brandt
Cruz Group Network,Amanda Arnold
"Sawyer, Gonzalez and Shields Labs",Faith White
Adams-Long Labs,Michele Lin
"Burton, Randall and Christensen Studios",Michael White
Silva-Lane Studios,Samantha Francis
"Espinoza, Perez and Thompson Labs",Christine Perez
"Melton, Rodriguez and Thompson Studios",Paul Ferrell
Scott LLC Network,Tina Burton
Smith-West Hub,Brandi Smith
"Oneal, Evans and York Studios",Kelly Greene
Hill-Mack Studios,Gabriel Rice
Wang Inc Labs,Michelle Bradford
Henderson and Sons Studios,Melissa Higgins
"May, Graves and Larsen Network",Daniel Spencer
"Horton, Fisher and Krueger Hub",Jessica Carter
Rogers-Butler Network,Dennis Cox
Williams-Wu Studios,Matthew Rivera
Torres-Harris Hub,Melissa Ewing
Harper-Adams Studios,Devin Schultz
Castillo-Davis Network,Billy Grant
Andrade-Moran Labs,Christopher Henson
"Sweeney, Norris and Jackson Hub",Oscar White
"Perez, Orr and Ochoa Labs",Chad Rocha
"Barry, Patrick and Graves Studios",Daisy Hinton
Harris-Walker Network,David Wilson
Brown-Brown Studios,Madison Cole
Diaz and Sons Hub,Roberto Terry
"Gutierrez, Barker and Becker Studios",Dillon Gonzalez
Charles-Giles Studios,Melinda Perez
Bell Inc Network,Matthew Combs
"Ruiz, Lee and Martin Labs",Cheryl Collins
"Johnson, Hoover and Dillon Labs",Shelly Johnson
"Franklin, Myers and Greene Studios",Matthew Jones
Fleming-Mejia Network,Brandon Williams
"Dean, Coffey and Wilson Hub",David Weeks
Mcintyre-Marks Network,Michelle Greer
Mcgee Ltd Network,Cynthia Walton
"Scott, Harris and Garcia Network",Jared Chang
Sanders PLC Studios,Miranda Spencer
"Navarro, English and Fisher Network",Anna Watts
"Gibson, Bruce and Bryant Labs",Joshua Barker
Kennedy-Williams Network,Katelyn Lloyd
Jennings PLC Labs,Heather Vargas
"Sanchez, Smith and Anderson Studios",Roger Barnes
Gould Ltd Labs,Steven Herrera
Anderson-Holmes Network,Rebecca Young
King-Chang Labs,Jason Reynolds
Jackson Group Network,Justin Davidson
Miller Inc Labs,Phillip White
Harrison LLC Network,Tony Randall
"Perry, Peterson and Fernandez Labs",Spencer Mayer
"Rose, Graves and Williams Studios",William Warner
"Allen, Mays and Young Hub",Shelly Wells
Mcdonald-Calderon Hub,Donald Stanley
Malone-Hampton Studios,Brenda Espinoza
Wiggins Ltd Network,Elizabeth Harrington
Davis-Smith Network,Angela Moore
Hernandez LLC Network,Spencer Russo
Howell and Sons Network,Tony Sparks
Singleton-Hernandez Labs,Kimberly Young
Boyd-Smith Labs,Aaron Marshall
"Garza, Clark and Villarreal Network",Regina Ramirez
"Green, Nolan and Allison Network",Brian Keller
"Kelley, Sanchez and Mitchell Studios",Dr. Mike Oneill
"Craig, Black and Morse Network",Cody Hatfield
"Conley, Flores and Mcdonald Network",Nicholas Reeves
Ewing Inc Studios,Wendy Carr
Mitchell-Garcia Labs,Jose Gaines
Pierce-Wolf Hub,Brian Martinez
Wells-Barnes Studios,Peter Rivas
Vargas-Taylor Hub,Lydia White
Herrera-Tyler Hub,Sarah Martinez
Wang Ltd Labs,Andrew Melton
"Daniel, Hamilton and Brock Labs",Pamela Wells
"Booth, Baker and Clay Hub",Samantha Wells
Odonnell LLC Hub,Casey Myers
"Escobar, Banks and Snow Network",Jasmine Buckley
"Williams, Burns and Snyder Network",Charles Powell
"Padilla, Jones and Brooks Network",Joshua Stephens
Thomas-Kim Labs,Kelly Graves
Cruz-Michael Studios,Mary Williams
"Austin, Ayala and Hardin Labs",Molly Gibson
Benson Inc Hub,Charles Robertson
Wheeler-Davis Labs,Tiffany Trujillo
Conley-Ortiz Labs,Scott Wagner
Ray PLC Labs,Elizabeth Patterson
"Norton, Dennis and Johns Network",Justin Perkins
Russell-Barnes Hub,Erik Singh
"Perez, Diaz and Thomas Hub",Kelly Walker
Richard-Johnson Studios,Stephanie Sparks
Jordan-Nelson Hub,Jaime Padilla
"Frank, Adams and Montoya Studios",Zachary Phillips
Jones Group Hub,Miguel Ross
Holland PLC Hub,Vincent Wade
Wilson Group Hub,Anna Rodriguez
Best Inc Studios,Daniel English
French-Bennett Network,Victoria Copeland
"Wright, Nelson and Smith Hub",Jeffrey Bean
King PLC Studios,David Boyd
Miller and Sons Network,Xavier Lynch
"Hines, Powell and Lindsey Studios",Ryan Serrano
Davis LLC Labs,Dale Rodriguez
Goodman LLC Labs,Jessica Nichols
Cox Group Labs,Melinda Stokes
Walker and Sons Studios,Timothy Boyer
Love-Rodriguez Hub,Danny Bonilla
"Vasquez, Wilson and Yates Studios",Eric Ross
Garza-Jones Labs,Dylan Ball
"Barker, Berger and Crawford Hub",Matthew Beck
Ortega and Sons Hub,Matthew Watson
Jefferson Ltd Labs,Tonya Hall
"Bean, Garcia and Rice Network",Daniel Stone
"Lopez, Reilly and Edwards Network",Janice Espinoza
"Oliver, Smith and Thomas Network",Jeffrey Johnson
Boyd-Hopkins Hub,Jeanette Daniels
Huffman-Hall Labs,Andrea Sanchez
Joseph Inc Network,Michelle Johnson
Morris-Richard Studios,Bryce Pierce
Salazar-Adams Labs,Alan Keith
Berry Ltd Hub,Vanessa Miller
"Morris, Floyd and West Network",Daniel Gonzales
Johnson LLC Labs,Curtis Spencer
Rogers-Robinson Network,Edwin Martinez
Clark PLC Network,Lawrence Parks
Little Ltd Labs,Randy Warren
Schneider-Gomez Network,Samantha Henry
"Garrison, Miller and Jones Labs",Patrick Jenkins
Chaney Inc Network,Jesus Burton
Cameron-Nguyen Network,Robin Harris
"Patel, Macdonald and Clark Studios",Craig Dillon
Welch and Sons Labs,Rita Ray
Schmidt Ltd Studios,Nichole Garcia
Garcia-Hernandez Hub,Dawn Jenkins
Buchanan Group Studios,Scott Quinn
Olsen-Simmons Studios,Jacqueline Sherman
Nguyen-Mosley Network,Kathryn Campbell
Reilly Inc Network,Kyle Martin
Mcintyre and Sons Network,Hannah Gallagher
Mcpherson-Hernandez Network,Cynthia Romero
Macias LLC Labs,Elizabeth Brooks
Lee-Barajas Studios,John Boyd
Rice-Schmidt Hub,Michael Brown
Flowers-Howard Studios,Mr. Douglas Scott
"Mcneil, Mcbride and Wang Network",Steven Cooley
"Curtis, Sellers and Weber Labs",Drew Rojas
Copeland Inc Hub,Rebecca Miranda
"Adams, Mcclure and James Studios",Melissa Martin
Stanton-Palmer Labs,Brittany Young
Cook-Ochoa Network,John Morrow
Miller LLC Hub,Raven Walters
"Rowland, Phillips and Chase Labs",David Hill
"Harris, Herman and Martinez Labs",Sandra Rodgers
Wilson and Sons Labs,Jacqueline Valdez
Shah Group Labs,Jose Thomas
"Kerr, Park and Guerra Labs",Ronald Martin
"Jones, Morgan and Phillips Hub",Krista Barnes
Johnson-Brock Studios,Tyler Hood PhD
"Mcdonald, Young and Smith Hub",Courtney Love
"Cooke, Sanchez and Robinson Hub",Thomas Olson
Stone Inc Studios,Rebekah Hicks
Scott PLC Hub,Erin Bennett
"Smith, Willis and Watson Studios",Ian Smith
"Odonnell, Burton and Harrison Labs",Mary Wade
Yoder-Craig Hub,Richard Hill DDS
"Morse, Smith and Hess Network",Jesse Davis
Olson Inc Network,Jesse Taylor
"Jackson, Reyes and Douglas Labs",Jeffrey Smith
Williams PLC Network,Barbara Wagner DDS
Calhoun-Peterson Hub,Ann May
Cox Ltd Network,Michelle Trevino
Wiggins Ltd Studios,Theresa Watson
Green and Sons Labs,Barbara Barnes
Frazier PLC Hub,Michael Morgan
Stark-Gould Labs,Jeremy Flores
Rodriguez-Johnson Hub,Steven George
Anderson-Jensen Studios,Katherine Estrada
"Mcmahon, Hartman and Wilkins Network",Stephen Taylor
"Novak, Peterson and Young Network",Colleen Haynes
Odonnell and Sons Labs,Kathryn Bradley
"Charles, Howard and Hernandez Studios",Melanie Jacobson
Miller and Sons Hub,Erica Randolph
Phillips and Sons Studios,Kenneth Mckinney
Jackson and Sons Network,Ashley Young
Parker-Burch Labs,Brian Smith
Munoz and Sons Labs,Rachel Pugh
"Sellers, Wheeler and White Labs",Philip Jones
"Gallagher, Jones and Bartlett Studios",Derek Lee
"Norris, Waller and Baker Network",Matthew Holland
Collins LLC Hub,Melissa Robinson
Smith Group Studios,Robert Barnes
Poole-Howell Hub,David Valdez
"Gallegos, Sanders and Wade Network",Gina Taylor
"Fuller, Henry and Smith Hub",Allison Herring
"Gonzalez, King and Cox Hub",Xavier Hester
Foster-Stevens Network,Cheryl Brooks
"White, Lopez and Estes Studios",Angela Owens
"Gray, Cook and Taylor Hub",Dustin Bentley
Simmons and Sons Hub,Nicholas Brown
"Smith, Melendez and Strickland Studios",Dr. Michael Mccormick DVM
Wyatt-Cruz Network,Shane Russell
"Taylor, Thompson and Gregory Labs",Dennis Barajas
"Becker, Prince and Bennett Labs",Nicholas Gordon
"Williams, West and Mosley Labs",David Flores
Robinson Ltd Labs,Mrs. Janice Williams MD
Grimes-Salinas Network,Dr. Brian Lambert
Fisher and Sons Studios,Brian Atkinson
Johnson-Wilson Labs,James Manning
Porter Inc Hub,David Hawkins
Garza Inc Hub,Bruce Smith
Gray and Sons Labs,Chris Johnson
"Levy, Fernandez and Torres Studios",Yolanda Cooper
Johnson and Sons Studios,Victor Huffman
"Blanchard, Thomas and Hernandez Labs",Lisa Terry
Galloway-Schneider Labs,Margaret Luna
Howell-Gonzalez Network,Debra Novak
Bennett-Peterson Labs,Jeffrey Williams
"Walsh, Gomez and Lopez Studios",Jason Crawford
Morales-Smith Labs,Melissa Harvey
Smith and Sons Network,Lauren Atkins
Jackson Ltd Studios,Anne Montgomery
Hoover-Vance Hub,Vincent Wong
Curry Ltd Hub,Michael Walsh
"Anderson, Fitzgerald and Ritter Studios",Jordan Taylor
"Mitchell, Lynn and Brown Network",Harry Mccarthy
Martin-Franklin Hub,Sabrina Mcgrath
"Graham, Martinez and Gross Labs",Collin Pierce
Gutierrez Inc Network,Trevor Pena
Schneider and Sons Network,Ashley Adams
"Martinez, George and Sloan Hub",Elizabeth Stevens
Moyer Ltd Network,Shaun Allen
West-Caldwell Hub,Tina Mitchell
Sharp and Sons Labs,Joshua Lam
Farrell-Novak Hub,Ruben Jones
Callahan-Kennedy Network,Martin Davis
"Atkinson, Sharp and Murphy Hub",Crystal Johnson
Contreras-Burgess Hub,Kimberly Johnson
Smith-Ball Studios,Sandy Lopez
Cooper-Clark Labs,Timothy Key
Smith PLC Labs,Linda Fernandez
"Martinez, Miller and Davis Labs",Laura Lane
Lamb-Floyd Studios,Ryan Weeks
"Berger, Castaneda and Alexander Studios",Brian Thompson
Ortiz-Marks Labs,Christian Chen
Hall and Sons Hub,Angel Lee
Medina-Phillips Studios,Brianna Arroyo
Benton-Deleon Studios,Brian Tyler
Peterson-Carter Labs,Alicia Fischer
"Garza, Randolph and Huang Studios",Felicia Davidson
Diaz LLC Hub,Shannon Chung
Rivera Inc Labs,Kimberly York
"Howard, Lee and Vega Hub",John Hill
"Martinez, Davis and Russell Network",James Brown
"Pena, Mcdowell and Bowman Studios",Jessica Johnson
Ortega Ltd Network,Nathan Berg
"Bennett, Foster and Nixon Network",Bryan Young
"Stevens, Lopez and Doyle Labs",Kendra Clark
Roberts LLC Studios,Bradley Owen
"Mccarthy, Vasquez and Mccormick Studios",Rachel White
Rice Inc Studios,Lisa Winters
"Holder, Richardson and Colon Studios",Brittany Perez
Simmons-Love Labs,Rebecca Walsh
"Warren, Hill and Fischer Network",Patrick Miller
"Perez, Golden and Singleton Studios",Sara Bishop
Farrell-Meyer Studios,Jack Shepherd
Kaufman-Parker Hub,Brandon Kelly
Harvey-Miller Hub,Juan Moore
"Erickson, Davis and Henry Studios",Wendy Perez
"Li, Jordan and Shaw Network",Julie Hamilton
Hughes-Rogers Network,Heather Myers
"Romero, Meyer and Dominguez Network",Jesse Chavez
Giles-Perez Studios,Jacqueline Leonard
Parker-Berg Labs,Natalie Carr
Harding-Williams Studios,Kerry Shepard
Young and Sons Studios,Mark Fitzgerald
"Hernandez, Henderson and Ibarra Labs",Michael Freeman
Thompson and Sons Studios,Stephanie Donaldson
"Walters, Ingram and Garrett Studios",Roberta Steele
Patel-Rose Labs,Tiffany Wilson
Kim Inc Labs,Ashley Jones
"Griffin, Mata and Duke Network",Dominic Ward
Clark PLC Network,Kathy Archer
Gallagher-Taylor Studios,Anthony Miller
Rocha Ltd Labs,Kayla Fischer
Adams Group Hub,James Velasquez
Bass LLC Hub,Caroline Brown
Riley-Jimenez Network,Zachary Hendricks
Silva LLC Hub,Richard Sanders
"Bond, Guerra and Stewart Studios",Emily Henderson
Jacobson Group Studios,Brian Wood
Rogers Group Studios,Sarah Perez
Leonard-Whitehead Hub,Lindsay Walker
Whitney-Weiss Hub,James Terry
"Simpson, Lopez and Reynolds Labs",Dr. Andrew Davis PhD
Jones PLC Studios,Regina Vaughn
Wilson-Taylor Network,Geoffrey Campos
Solis-Kirk Labs,Kimberly Ward
Fields Inc Hub,Melissa Solomon MD
Chavez Inc Labs,Debbie Smith
Ford-Martin Studios,Mrs. Marie Copeland
"Scott, Duncan and Peterson Hub",Angela Hamilton
Mccall PLC Hub,Sara Ellis
Hughes Group Labs,Brandy Merritt
Shea and Sons Labs,Bonnie Rose
"Weiss, Braun and Martinez Studios",Dalton Shepard
Lynn and Sons Labs,Sandra Edwards
"Nelson, Sanders and Gutierrez Labs",Victoria Smith
Fitzgerald-Bush Hub,Sandra Nelson
"Campbell, Watson and Boyd Labs",William Key
"Hopkins, Donovan and Taylor Hub",Richard Poole
Hernandez PLC Studios,Michelle Hudson
Robinson-Fischer Labs,Charles Tucker
"Jackson, Perkins and Thompson Hub",David Johnston
Brown Ltd Studios,Kelly Richards
Taylor LLC Labs,Debra Walter
Morales-Jenkins Labs,Megan Perez
"Smith, Armstrong and Smith Hub",Lisa Wolfe
"Meadows, Ward and Perez Hub",Kaitlyn Levine
"Daniels, Brown and Taylor Labs",Alisha Deleon
Arnold-Robinson Labs,David Cervantes DDS
Mitchell-Ibarra Network,Jill Rodriguez
Gentry Group Hub,Paul Sexton
"Nguyen, Maldonado and Nelson Network",Nicole Jackson
Bryant Group Labs,Joyce Moore
Todd Ltd Hub,Hector Knight
"Weaver, Chang and Powers Studios",Paige Cain
"Chavez, Flores and Spencer Studios",Christopher Evans
Compton and Sons Studios,Justin Bell
"Rojas, Warren and Cooper Studios",Luis Estrada
Gonzales and Sons Network,Amanda Cole
"Johnson, Sanchez and Duncan Labs",Joshua King
Brown-Lozano Network,Terri Reyes
Orr PLC Hub,Michelle Braun
"Miller, Andrews and Kelly Hub",Jeffrey Ortiz
Johnson-Kennedy Hub,Emily Jones DDS
"Nelson, Cantrell and Richardson Labs",Katelyn Harris
Brooks-Juarez Hub,Shane Garcia
"Browning, Lutz and Neal Network",Christine Hopkins
Wallace LLC Hub,Theresa Mahoney
Walker-Wilson Studios,Kathryn Sanchez
Schmidt-Adams Hub,William Mendez
"Fuller, Haynes and Potter Network",Michelle Spears
"Raymond, Patel and Jones Studios",Aaron Bishop
Kramer Group Network,Jessica Brooks DDS
Griffin-Thomas Labs,Matthew Wiley
Gordon PLC Labs,John Kelly
"Stewart, Santiago and Huang Studios",Ricky Suarez
Gordon PLC Hub,Tonya Rollins
Obrien PLC Labs,Larry Gilmore
Lang-Whitney Network,Diana Ray
Ward Group Network,Elizabeth White
Austin LLC Network,Lindsay Bennett
Young-George Studios,Mason Harris
Boyle-Hernandez Hub,Pamela Phillips
Lewis PLC Hub,Cheryl Cherry
Andrews-Kennedy Labs,Mary Lee
"Jones, May and Wallace Hub",Michael Lewis
Bell-White Studios,Patricia Casey
"Howell, Beck and Sweeney Hub",Shawna Adkins
Meyer-Cunningham Network,Kimberly Brown
Espinoza Group Labs,Courtney Martinez
Hall-Smith Studios,Anthony Mcdonald
Green Group Hub,Maria Hensley
"Mahoney, Sullivan and Murray Studios",Robert Case
"Stevens, Velez and Martinez Network",Johnny Olson
"Holland, Burke and Espinoza Network",Karen Reyes
Garcia Ltd Labs,Brian Gamble
"Meyer, Cunningham and Ayala Labs",Tonya Morales
"Davis, Harper and Meyer Hub",Elizabeth Walker
Taylor Inc Labs,Mrs. Meredith Bowers
Jones LLC Hub,Patrick Harper
"Robinson, Ferguson and Gomez Hub",Priscilla Heath
"Fuller, Perkins and Flores Hub",Eric Moore
Shepherd-Solis Hub,Paul Bartlett
Walker-Murphy Hub,Joseph Robertson
Johnson Inc Labs,Jeffrey Hicks
Mcknight PLC Hub,Theresa Hunter
Foster-Moore Hub,Jason Sellers
Mcguire Inc Hub,Joel Reyes
Rodriguez-Sullivan Studios,Scott Howard
"Gonzales, Hall and Villarreal Network",Alexis Murray
Brown-Pierce Network,John Hartman
Baker PLC Studios,Kelli Smith
Williams and Sons Hub,Kimberly Garrison
"Lambert, Armstrong and Bradford Studios",Christopher Romero
"Russell, Smith and Bennett Studios",Ashley White
Coleman Ltd Studios,Tina Vargas
Thomas-Horn Labs,Mark Jackson
"Galvan, Brown and Rodriguez Labs",Mark Jones
Johnson PLC Studios,Amy Harris
"Williams, Burgess and Peterson Labs",Daniel Roy
Hansen and Sons Labs,Adrian Benjamin
"Floyd, Lynn and Hawkins Network",Jesse Jefferson
"Woods, Ray and Church Labs",Troy Ballard
"Mcneil, Schmitt and Martinez Labs",Cindy Henderson
Gentry-Baker Network,Lori Martin
Rodriguez-Patel Labs,Alicia Taylor
Adams Ltd Network,Dale Khan
"Pham, Barnett and Shepherd Labs",Kyle Franklin
Stevens Inc Network,Wesley Robinson
Lynch-Hayes Labs,Stephen Henson
Dunn Group Network,Jessica Parks
Townsend Inc Labs,Ryan Lewis DVM
Sanchez LLC Studios,Alejandro Jones
Mckinney Ltd Labs,Tina Kim
Mcdaniel and Sons Hub,Joseph Tate
"Davidson, Townsend and Ford Labs",Rachel Dean
Smith-Cross Studios,Jill Stevens
"Rogers, Miller and Andrews Network",Andrew Moore
Griffith-Collins Network,Katelyn Stafford
"George, Mendoza and Cohen Studios",Nicole Burgess
"Hernandez, Lyons and Williams Labs",Bobby Martin
"Collier, Williams and Griffin Hub",Dale Hamilton
"Hansen, Bell and Medina Labs",Sherry Rivera
"Lawrence, Villanueva and Kelly Studios",James Cole
Pratt LLC Studios,Chris Bell
Ramirez-Gibson Studios,Breanna Tyler
"Alvarez, Wheeler and Galloway Hub",Gerald Aguilar
Moreno-Tran Labs,Sandra Crosby
Morrison Inc Labs,Joseph Gonzalez
Navarro-Allen Hub,Amy Bush
Duran-Mcgee Studios,Tina Patton
"Sullivan, Parker and Webster Hub",John Larsen
Gray-Gonzalez Hub,Wendy Clark
Alvarez Inc Network,Logan Murray
Vazquez PLC Labs,George Kennedy
"Garcia, Ward and Bailey Hub",Barry Perez
Murphy and Sons Studios,Carl Schmidt
Petty-Miller Hub,Kathleen Saunders
"Tyler, Mendoza and Mcdaniel Hub",Nicolas Watkins
"Miranda, Young and Warren Studios",Rebecca David
Gray-Craig Network,Alejandra Coleman
Yates-Reid Labs,Carlos Smith
Perez-Erickson Hub,Krystal Graham
"Hahn, Mcclure and Johnson Labs",Carol Wilson
Nelson-Murray Hub,Justin Erickson
"Sloan, Mahoney and Yates Network",Tonya Velasquez
Brown PLC Hub,Darrell Wright
Phillips LLC Network,Sierra Garcia
"Gonzales, Knapp and Gillespie Studios",Joseph Griffith
Jones Inc Hub,Laura Salinas
Jordan and Sons Hub,Willie Tanner
"Harris, Aguilar and Dunn Studios",Jennifer Murray
Church-Ray Hub,Mrs. Rhonda Herman
Bailey LLC Studios,Yolanda Holmes
Thomas-Guerrero Network,Crystal Miller
Valentine and Sons Network,Gail Travis
"Lawrence, Trujillo and Nelson Network",Gerald Davis
Williams LLC Hub,Lance Howell
"Haas, Irwin and Brown Hub",Martin Mendoza
Williams LLC Network,Connor Vasquez
"Nichols, Watkins and Taylor Studios",Mary Washington
"Farley, Chambers and Hebert Studios",Nicholas Hopkins
Martinez-Anderson Hub,Shane Miller
Jones-Carroll Labs,Jose Burch
King and Sons Studios,Scott Castro
Mitchell-Patel Network,Bethany Wallace
"Young, Ryan and Brown Labs",Carla Lopez
"Brown, Jenkins and Mann Labs",Joshua Perry
Hampton Ltd Network,Michael Schultz
"Knight, Davis and Tran Network",Jessica Mills
"Martinez, Brown and Roach Hub",Amy Mills
"Shields, Jones and Harrell Studios",William Harper
Rogers-Schultz Labs,Susan Martinez
"Pierce, Palmer and Hubbard Labs",Dr. John Andrews
Washington Ltd Hub,Alexis Larson
"Morse, Rodriguez and Rodriguez Hub",Louis Montoya
"Robertson, Chapman and Miller Studios",Michael Price
Livingston-Ramirez Hub,Charles Hill
Thompson-Brock Hub,Mary Jones
"White, Obrien and Lewis Studios",Michael Ward
Wilson-Smith Network,James Contreras
Mullen-Swanson Studios,Miranda Lopez
"Curtis, Roach and Stevens Studios",Tabitha Velasquez
Burns-Garrison Network,Bailey Smith
Garcia-Dodson Labs,Adam Tran
Fields-Harmon Studios,Kayla Hogan
Smith-Harris Studios,Kimberly Santos
Morgan-Morris Labs,Sarah Lee
Gordon and Sons Hub,Elizabeth Newton
Rivers-Rodriguez Network,James Mcdonald
Martin and Sons Studios,Justin Smith
"Boyd, Stewart and Madden Studios",James Gonzalez
"Thompson, Roberts and Sampson Network",Lawrence Peck
Duncan-Schmidt Hub,Trevor Anderson
"Jones, Brown and Anderson Hub",Kristen Calderon
Moore-Baker Studios,Hannah Evans
Edwards Inc Labs,Amy Mcgrath
"Small, Hogan and Stephenson Hub",Emily Rodriguez
Manning PLC Network,Erica French
Todd Ltd Studios,Kevin Phillips
Miller-Meza Network,Scott Gonzalez
"Blake, Case and Li Hub",Mr. Cody Brennan MD
Watson Group Studios,Christine Edwards
Byrd-Lewis Studios,Jessica Murphy
"Coffey, Baker and Hayes Labs",Kimberly Leach
Castro-Miller Studios,Abigail Logan
Miller-Castillo Labs,Mark Morton
"Byrd, Church and Cruz Hub",Sydney Hogan
Gonzales LLC Labs,Patrick Brewer
Ward-Ray Network,Joshua Young
"Cervantes, Lopez and Smith Studios",Anna Maxwell
Lambert-Garcia Network,Kevin Perry
"Vargas, Hill and Mack Hub",Michael Thompson
"Griffin, Jackson and Hester Studios",Paula Alexander
Stephens Inc Labs,Brian Delgado
Adkins-Miller Hub,Danny Osborn
"Reynolds, Torres and Mitchell Network",Richard Padilla
"Dillon, Thompson and Clark Hub",Tyler Mercado
"Johnson, Underwood and Compton Network",Jose Reese
Hogan-Becker Hub,Kelly Horn
Dixon Group Hub,Amanda Snyder
"Leach, Hopkins and Osborne Labs",Jessica Perez
Hartman-Davis Studios,Peter Ward
Casey-Newton Network,Kayla Rios
"Robinson, Kelly and Erickson Studios",Mrs. Kimberly Marquez
"Lee, Robinson and Lopez Hub",Dr. Joy Waters MD
Stephens Inc Network,Ronald Christian
Thompson Group Labs,Lauren Parks
Bass-Bright Network,Brittney Crawford
"Harper, Young and Garza Hub",Shane Kim
"Boone, Lane and Barnett Network",John Rodriguez
"Dunn, Miller and Haley Hub",Wanda Miller
"Hartman, Scott and Leblanc Hub",Amanda Jones
Salazar Inc Hub,Gabriel Parsons
"Evans, Newton and Perez Hub",Jonathan Hill
Little Group Studios,Stephen Reeves PhD
Young Group Labs,Devin Gonzales
Copeland-Ball Studios,Michelle Green
Butler PLC Hub,Rachel Andrews
"Edwards, Rice and Lam Hub",Mr. Nathaniel Johnson
"Roberts, Castro and Morris Studios",Brian Vazquez
Walls Inc Hub,Rebecca Crawford
Chang-Diaz Network,Douglas Francis
Terry LLC Hub,Steven Wu
Miranda-Harrington Labs,Rhonda Jordan
Cook-Miranda Labs,Carlos Smith
"Garcia, Yang and Rose Hub",Jerry Grant
Rodriguez-Fox Network,Amber Velazquez
Meadows PLC Network,Sara Peterson
Arellano-Atkinson Hub,Cassandra Santiago
Davis-Wilson Hub,Mrs. Alyssa Smith
Sandoval-Stone Hub,Bradley Evans
Thompson-Vargas Studios,Miranda Wilson
Nelson Ltd Studios,Phyllis Patton
"Perez, Brown and David Studios",Mark Parks
Brown-Lloyd Hub,Matthew Soto
Mcclure LLC Hub,Ariana Newton
Allen Group Studios,Joel Nguyen
George Group Network,Anne Morgan
Flores LLC Hub,Beth Smith
"Aguirre, Martinez and Meyer Labs",Mrs. Paige Ellison DDS
Johnson Group Studios,Linda Huang
"Ray, Mckenzie and Cameron Hub",Gregory Brandt
Blake-Chang Studios,Keith Haas
Jones Ltd Studios,Michael Brown
"Williams, Nelson and Harrington Network",Cheryl Pena
Robles-Campbell Hub,Andrew Howard
"Mann, Mathis and Li Labs",Bradley Jimenez
Robinson-Wheeler Studios,Jared Odonnell
George and Sons Studios,Mercedes Tucker
Barton Group Labs,Dr. Derrick Allen
Thomas and Sons Labs,Justin Love
Schwartz Ltd Network,Stephen Fields
Wilson-Butler Hub,Albert Adams
"Peterson, Moyer and Murphy Hub",Bradley Anderson
Watson Group Network,Brenda Jennings
"Barker, Luna and Wright Hub",Kyle Allen
Thompson-Fields Labs,Lori Daniel
"Vega, Thompson and Bryant Studios",Matthew Harris
"Gonzales, Roberts and Key Network",Gerald Camacho
Reed PLC Studios,Mike Quinn
Lamb PLC Network,Paula Knapp
Garrett-Buchanan Studios,Jose Montgomery
Hill-Smith Network,Melinda Scott
"Rhodes, Kelley and Cohen Hub",Alicia Myers
"Williams, Allen and Barnes Hub",Joshua Barnes
Smith Inc Network,Lee Contreras
Allen PLC Network,Ashley Singleton
Alexander-Vega Labs,Jacqueline Burgess
Murphy-Smith Hub,Jonathan Huynh
Davis LLC Studios,Sophia Mendoza
"Williams, Smith and White Labs",Kirk Moore
Chavez LLC Hub,Melissa Norton
"Wright, Gomez and Pierce Hub",Paul Rice
Lee-Choi Studios,Mark Byrd
"Bennett, Brown and Wong Network",Brittney Newman
"Sanchez, Jackson and Miller Studios",Madison Jennings
"Allen, Richardson and Beasley Studios",John Hicks
Garcia Inc Labs,Kenneth Baker
Hurley LLC Labs,Alex Flynn
Ford-Perez Studios,Joe Peterson
Hubbard PLC Studios,James Molina
Patrick-Caldwell Network,Natalie Herrera
Chen Group Studios,Christina Gonzalez
George Group Network,Eric Parker
Phillips Ltd Studios,Gabriel Kane
Hart Group Hub,Robert Harrell
Kirk-Benjamin Studios,Tiffany Francis
Coleman-Robinson Hub,Amber Nelson
Villanueva-Phillips Studios,Linda Gonzalez
"Jones, Cannon and Russell Labs",John Hutchinson
Rowe-Arias Network,Jasmine Long
Fernandez-Lloyd Network,Jason Taylor
Duke-Munoz Network,Logan Robinson
Sanders-Miller Labs,Justin Sims
Perez PLC Studios,Steven Stephens DDS
"Mack, Wilson and Gardner Studios",Jennifer Nixon
Bishop-Ramirez Studios,Rodney Faulkner
"Johnson, Gonzalez and Johnson Labs",Justin Barajas
"Herman, Long and Martinez Hub",Scott Waller
Gray-Mendoza Studios,Alexander Steele Jr.
Woods and Sons Studios,Mark Simon
"Atkins, Reese and Foster Network",Katie Sanchez
Burnett and Sons Hub,Travis Allen
Williams-Hall Studios,Richard Rodriguez
Pugh Ltd Hub,Andrea Ramsey
Morris-Santos Studios,Gabriel Fuller
"Ochoa, Ortega and Hutchinson Hub",Stacy Riley
Martin Inc Labs,Nicole Miller
Allen Inc Hub,Heather Matthews
"Gonzalez, Williams and Schultz Network",Jason Walker
Hale-Schmidt Labs,Thomas Warner
Guerrero LLC Network,Amanda Calderon
Murphy Ltd Studios,Lisa Allison
Kelly-Ayala Network,Joel Mejia
Moore LLC Network,Troy Byrd
Harrington and Sons Network,Gabriela Brown
Jones-Reyes Labs,Melissa Smith
Williams-Ibarra Network,Kevin Carter
"Richardson, Church and Adkins Hub",Jacqueline Berry
Whitney-Duke Network,Whitney Morris
Hickman-Harrington Network,Brian Powell
"Mason, Butler and Howell Labs",Stephanie Ramirez
"Ramirez, Mcgee and Bowman Network",Christopher Branch
Gonzalez LLC Studios,Christina Williams
Clark-Freeman Studios,Amy Terrell
Williams LLC Network,Kevin Nelson
Johnson LLC Studios,Norman Johnson
"Freeman, Howard and Lee Labs",David Hanson
Cobb-Schaefer Labs,Jo Jones PhD
Andrews Ltd Hub,Steven Davis
"Barber, Garcia and Johnson Network",Morgan Hayes
White-Mcdowell Studios,Jessica Taylor
Ramirez PLC Studios,Taylor Castillo
"Wheeler, Hayes and Hale Hub",Vickie Anderson
Patel-Allison Hub,Jillian Hill
Stafford and Sons Hub,Tony Adams
"Sims, Robinson and Brown Hub",Christine Velasquez
Meyer-Morris Network,Brandon Thompson
Brown Ltd Labs,Cynthia Stewart
Andrews and Sons Hub,Jennifer Wilson
Osborne Ltd Labs,Martha Ruiz
Mcgee-Aguilar Studios,Christopher Johnson
"Roy, Schwartz and Ford Network",Charles Wilson
"Brown, Walker and Sparks Studios",Christopher Swanson
Mccormick-Jackson Network,Nicholas Johnson
Shaw-Medina Labs,Tyler Krueger
"Richard, Johnson and George Hub",Michele Johnson
Castillo-Nunez Studios,Caitlin Lee
"Caldwell, Ford and Lewis Studios",Mrs. Amanda Mosley
"Morales, Jones and Cabrera Hub",Michael Howell
Jones-Collins Labs,Karen Trujillo
Griffith-Owen Labs,Brian Reeves
Olson-Perez Hub,Ebony Silva
Murphy-Mullins Studios,Michael Morris
Herman Inc Labs,Michael Grant
Boyd PLC Network,Dr. Laura Garcia
"Clark, Scott and Walker Labs",Shelley Williams
Mason-Mitchell Hub,Rhonda Noble
Jones and Sons Hub,Shaun Garner
"Nolan, King and Dickson Labs",Gavin English
Woods and Sons Network,Donna Murphy
Green Ltd Hub,Dr. Amanda Cummings DDS
Sanchez-Atkins Hub,John Mason
Lara and Sons Labs,Wyatt Forbes
Brown-Hernandez Hub,Jason Hamilton
Stevenson-Bernard Labs,Michael Hernandez
Payne and Sons Hub,Christine Hamilton
Torres-Brown Hub,Jordan Moore
Shields Group Hub,Mary Richardson
"Stone, Becker and Torres Studios",Jasmine Smith
Conrad-Howell Studios,Sydney Martinez
Rojas-Snyder Studios,Steven Mcdaniel
"Harrington, Brown and Brown Network",Tiffany Murphy
Flowers-Gomez Studios,Tiffany Shields
Randolph-Thompson Labs,Monica Perez
"Levy, Buckley and Williams Studios",Keith Daniels
"Gould, Smith and Gonzalez Studios",Lori Grant
Bailey PLC Hub,Catherine Lynn
Fields-Olson Network,Casey Davis
Mccarthy-Fernandez Hub,Denise Rogers
Delgado Inc Network,Brent Hines
Cruz Group Hub,Michelle Montoya
"Mcgee, Kennedy and Tapia Labs",Steven Jones
"Goodwin, Walls and Waller Labs",Joseph Boyer
Becker PLC Hub,Danielle Ferguson
Meyer Inc Hub,Stanley Nguyen
"Parrish, Diaz and Johnson Network",Jeffrey Melendez
Curtis-Bell Hub,Katelyn Hunter
"Jacobs, Salazar and Walker Hub",Michael Henderson
"Johnson, Smith and Estrada Studios",Christopher Mata
Mclaughlin-Maddox Studios,Vanessa Mcclain
Smith Group Hub,Gina Johnson
"Evans, Brown and Zhang Network",Olivia Blackwell
Huff-Davis Network,Danielle Maddox
Patrick-Baker Hub,Jesus Johnson
"Dennis, Jones and Bowman Labs",Christine Bradley
Perry-Davis Network,Christine Hogan
Stewart PLC Studios,Joseph Jones
"Sullivan, Sullivan and Martin Hub",Yolanda Wilson
Turner Inc Hub,Anthony Mendoza
"Smith, Bean and Ferguson Studios",Heather Le
Miller Group Studios,Christina Jones
Banks and Sons Hub,Bryan Joseph
Buckley-Benjamin Labs,Teresa Scott
Trevino Group Labs,Jesse Barrett
Mathis-Wilson Studios,John Chan
Burnett-Newton Studios,Barbara Moore
"Duncan, Brown and Lloyd Labs",Jeffrey Clayton
Jacobson-Williams Studios,Diana Hicks
Bowers-Kirby Network,Stacey King
Taylor-Wilson Labs,Stephen Hale
Powell-Knight Hub,Adam Oconnor
Juarez and Sons Studios,Leslie Wagner
Peters-Schmidt Labs,Nathan Todd
"Hester, Carr and Sanders Network",Trevor Moran
Gutierrez LLC Studios,Christina Compton
"Blackwell, Collier and Lee Labs",Stephen Simpson
Leonard Inc Network,Daniel Munoz
Jones-Garner Labs,Jennifer English
Lewis Group Studios,Duane Olson
"Alvarez, Hall and Stevens Network",Mrs. Sara Tran MD
Brown Ltd Labs,Alexis Hull
"Oconnor, Martinez and Brewer Labs",Stephanie Jackson
Johnson-Wilson Network,Juan Key
Vargas-Valdez Labs,Kristen Griffith
Owens-Tucker Network,Nicole Anderson
"Ellis, Turner and Morgan Hub",Madison Young
"King, Allen and Dunn Labs",William Wagner
Martin-Kane Network,Isabel Harding
"Newman, Smith and Jordan Studios",Christina Brown
Perry Inc Network,Melissa Ross
Marshall PLC Hub,Nicole Larson
Mcdaniel-Mckay Hub,Daniel Brown
Davies-Phillips Network,Brian Evans
Hernandez-Smith Labs,Christopher Cobb
"Suarez, Peters and Wood Network",John Perkins
Reed Group Labs,Joshua Perry
"Chen, Brown and Gould Studios",Sean Moore
"Castro, Smith and Elliott Studios",Tricia Eaton
Conway Ltd Studios,Erin Bennett
"Johnson, Patterson and Smith Studios",Yvonne Williams
"Cameron, Bishop and Cunningham Labs",Gary Decker
"Powers, Johnston and Hamilton Labs",Antonio Montgomery
Gallegos LLC Studios,Kristin Long
Cooper and Sons Labs,Kristine Chambers
"Oliver, Martinez and Alexander Hub",Brian Rodgers
"Martin, Hughes and Callahan Labs",Maria Wright
"Olson, Dennis and Kramer Network",Denise Bird
Morales LLC Studios,Theresa Thompson
Jackson-Cherry Studios,Joshua Ray
Terry-Benson Hub,Marc Tucker
Walters and Sons Network,Pam Garcia
Brown-Patterson Labs,Andrew Wright
Cannon-Hoffman Network,Nicholas Hall
Scott-Donaldson Hub,Ashley Rodriguez
Walker LLC Hub,Charles Thomas
Madden-Taylor Hub,Mark Martin
Roberts and Sons Labs,Christine Ramirez
Scott and Sons Labs,Stephanie Rivera
Nichols-Smith Labs,Jason Yang
Morales PLC Hub,Erica Gonzalez
"Miller, Garrett and Foster Labs",Amber Gay
Anderson-Garcia Network,Heather Phillips
"Reyes, Holmes and Miller Labs",Shawn Snyder
Kane PLC Labs,Wendy Joseph
Arnold-Edwards Labs,Kevin Reid
Nelson-Woodard Hub,Barbara Petersen
Morales and Sons Hub,Gary Rios
Haley and Sons Labs,Julie Russell
"Oneill, Wagner and Rocha Studios",Brian Mitchell
Bryant-Kelley Hub,Daniel Reed
"Wilson, Snyder and Taylor Labs",Crystal Ross
Cobb PLC Hub,April Sparks
"Hart, Mcdonald and Nelson Network",Sandra Weaver
Stephens Inc Hub,Ryan Williams
Martinez Inc Labs,Eric Graham
"Williams, Porter and Allen Studios",Russell Patel
Savage and Sons Studios,Joshua Pope
"Thompson, Bailey and Smith Studios",Paul Medina
Robertson LLC Network,Lauren Carson
"Schultz, Wilson and Drake Studios",Brandy Jones
"Edwards, Martin and Davis Studios",Heather Porter
Burnett-Lowe Studios,Ricky Davis
Taylor-Davis Labs,Rachel Rios
Dodson-Copeland Labs,Amy Ramos
Garrison Ltd Studios,Kayla Wilson
Kelley Group Studios,David Hood
Phelps PLC Labs,Thomas Mcguire
Aguilar-Hess Hub,Laura Barrett
Brown Group Labs,Ashley Maddox
Powell Ltd Network,Natalie Daugherty
"Williamson, Rangel and Patel Hub",Denise Lester
Smith PLC Hub,Robert Reeves
"Holmes, Johnson and Miranda Labs",Robin Meyer
Abbott-Porter Hub,Glenn Rodriguez
Jones Ltd Studios,Heather James
Hammond-Morrison Labs,Cynthia Peterson
Howard-Perry Labs,Paul Reynolds
Evans-Ramirez Hub,Amy Knight
Ingram and Sons Hub,Jacob Herrera
Davis-Coleman Hub,Richard Anthony
Jones-Miranda Network,Carrie Ryan
Vasquez Inc Studios,Heather Jones
"Lewis, Cook and Bray Hub",Christopher Greer
Ellis LLC Labs,Jessica Hudson
"Newman, Graham and James Studios",Kathryn Greer
Ortega Group Network,Dominique Manning
Mitchell-Hamilton Labs,Jessica Harris
Bartlett-Miller Network,Debra Herrera
Taylor LLC Network,Joshua Suarez
Powers-Walker Network,Evan Robinson
Simpson-Walker Network,Russell Braun
"Pittman, Larsen and Welch Network",John Beltran
Brooks-Gomez Hub,Phyllis Williams
Blair LLC Studios,Joseph Harris
"Ramsey, Howell and Johnson Network",Danny Lopez
Taylor-Douglas Studios,Mr. Brandon Tapia MD
"Hill, Nguyen and Hill Labs",Michael Fitzgerald
Williams-Wilson Hub,Todd Christian
Ross-Clayton Labs,David Williams
Juarez PLC Network,David Walker
"Cannon, Browning and Gonzalez Labs",Natalie Goodman
Marshall PLC Hub,Christine Nelson
Sanders-Fuller Labs,Martin White
"Mckinney, Lee and Garcia Labs",Randy Williams
Jones-Green Studios,Brian Johnson
Carpenter and Sons Network,Misty Gonzales
"Adams, Davis and Hernandez Labs",Gregory Maddox
Hudson-Hughes Studios,Mrs. Beth Fox
"Roberts, Horton and Morris Network",Mary Jones
Cisneros Group Network,Jessica Rogers
"Simmons, Brown and Barr Studios",Erica Jackson
Taylor-Hoffman Labs,Amy Allison
"Harvey, Williams and Cordova Hub",Julia Cochran
Charles LLC Network,Cynthia Osborn
Davis-Morgan Network,Joshua Daniel
Walker-Carpenter Labs,Stephanie Carlson
Sanders-Moore Network,Thomas Owens
"Morris, Santos and Green Studios",Kelly Ayers
Hamilton Inc Hub,Alan Mitchell
Jenkins-Flores Network,Aaron Archer
Roy-Brown Studios,Jennifer Anderson
"Adams, White and Boyer Labs",Kevin Sims
Gonzales PLC Hub,Martin Walsh
"Moore, King and Hunt Labs",Travis Crawford
"Johns, Bell and Clark Labs",Zachary Campbell
Elliott-Estrada Labs,Susan Conway
"Pham, Cantu and Jones Network",Wanda Carr
"Ferguson, Thomas and Johnson Labs",Shannon Jones
"Jones, Holden and Morales Studios",Ronald Williams
Jensen-Fritz Labs,Alan Waters
Harris LLC Hub,Scott King
Torres-Malone Labs,Stacey Dean
Spencer-Arroyo Network,Marisa Gardner
Day Group Studios,Stacy Wheeler
"Greer, Smith and Banks Labs",Amy Peterson
"Johnson, Vance and Harris Studios",Melissa Martinez
"Daniels, Gutierrez and Woods Studios",Gregory Smith
"Holden, Conway and Miller Studios",Charles Black
"Arnold, Garcia and Harrell Labs",Cindy Taylor
Farley and Sons Hub,Joe Reeves
Williams-Henderson Labs,Kari Parker
Phillips LLC Network,Dennis Hernandez
"King, Davis and Howell Studios",Catherine Richmond
"Phillips, Johnson and Wilson Labs",Rodney Mcdaniel
Harper-Li Studios,Brittany Campos
"Woodward, Russell and Landry Labs",Ashlee Sanchez
Collins-Clark Hub,Autumn Taylor
Vance and Sons Network,Logan Robinson
Carroll-Garcia Hub,Angela Roberts
Campbell-Murillo Labs,John Kemp
Green-Moreno Network,Angela Smith
Hernandez-Woods Labs,Brandy Garcia
"Mendoza, Watson and Duarte Studios",Lori Harris
Grant Inc Studios,Michael Underwood
"Mccormick, Alvarado and Rangel Hub",Kayla Cooper
"Hernandez, Williams and Todd Hub",Monica Carson
"Martinez, Jones and Morgan Hub",Thomas Black
Pittman and Sons Network,Kelsey Lane
Turner Group Labs,Nancy Sellers
Stokes-Esparza Hub,Tabitha Garcia
Haas-Harvey Labs,Julia Lawrence
Benson LLC Hub,Laura Flores
Hernandez-Taylor Hub,Phillip Tate
Rios PLC Hub,Pamela Cummings
"Ware, Meyer and Kennedy Hub",Amanda Lopez
Robinson and Sons Studios,Kevin Williams
Guzman and Sons Studios,Ryan Cordova
Wade and Sons Hub,Cory Davidson
"Wong, Smith and Meyer Labs",Veronica Lamb
"Michael, Rodriguez and Park Labs",John Lopez
"Hill, Cooper and Sherman Studios",Jesus Rivera
"Shepherd, Wheeler and Smith Hub",Lisa Jackson
Santana-White Labs,Shannon Fischer
"Guerrero, Smith and Raymond Hub",Chelsey Mccormick
Phillips-Holland Network,Mary Elliott
Walsh-Hutchinson Hub,Edward Goodman
Blake Inc Labs,Margaret Hernandez
Brown and Sons Hub,Jesse Hart
Robertson-Carroll Studios,Charles Brown
"Alvarez, Walker and Walker Labs",Pamela Berry
"Mcdonald, Marshall and Williams Labs",Daniel Austin
"Best, Johnson and Jackson Network",Jorge Juarez
"Chavez, Craig and Ferguson Labs",Richard Turner
"Clark, Goodwin and Smith Labs",Heather Wilson
"Jordan, Phillips and Hardy Studios",Jason Ortiz
Hunt-Lee Studios,Hannah Krause
"Wilkinson, Stone and Ramsey Studios",Rachael Rivera
Stokes and Sons Hub,Karen Collier
"King, Schwartz and Yang Studios",Autumn Cook
"Patel, Melendez and Graves Labs",Katherine Price
"Marquez, Fitzgerald and Davis Studios",Vincent Neal
Bowers LLC Hub,Tom Miller
Hardy and Sons Hub,Clarence Peterson
Bush PLC Network,Anthony Griffin
Mcmahon PLC Hub,Jeffery Wilcox
Leblanc-Wiggins Studios,Ann Wilkerson
"Long, Jones and Lopez Hub",Dylan Berry
Taylor LLC Labs,Leonard Smith
"Weaver, Hill and Jackson Studios",Christopher Williams
"Haas, Thomas and Hobbs Labs",Evan Moore
"Romero, Butler and Powell Labs",Kayla Gates
"Hamilton, Gonzales and Diaz Network",Joshua King
Kelly Ltd Studios,Shannon Chen
Brewer LLC Studios,Craig Gonzalez
Hudson-Johnson Studios,Andrea Cooper
Gross LLC Hub,Katherine Mckay
"Smith, Coleman and Taylor Labs",Kristina Smith
Hill Ltd Network,Jeremy Stone
Murphy-Simpson Studios,Mary Huber
"Flores, Williamson and Ortiz Studios",Terry Wilson
"Jones, Luna and Mccoy Labs",Raymond Fernandez
Martin-Yates Studios,Faith Ross
Bishop LLC Network,Laura Buck
Berry PLC Labs,Amy Arias
"Tucker, Perez and Ramos Hub",Kathleen Hanson
"Woodward, Burns and Smith Labs",David Campbell
Alexander-Fritz Network,Timothy Parker
Malone-Knapp Studios,Daniel Walker
Liu PLC Labs,Connie Lewis
"Roy, Rice and Jones Network",Jessica Barker
Fernandez PLC Studios,Jenna Taylor
"Martin, Cruz and Rios Studios",Christine Coleman
Shaw Ltd Hub,Ryan Coleman Jr.
Lee-Robinson Studios,Alisha Becker
Guzman LLC Labs,Michael Williams
Jackson Group Studios,John Copeland
"Burgess, Davis and Gay Network",Joseph Sexton
Ware Inc Hub,Michelle Kelley
Church Group Labs,Dustin Wagner MD
"Serrano, Goodwin and May Studios",Adam Kidd
Rosario Inc Labs,Barbara Hill
Ford-Thompson Studios,Amber Lopez
Sullivan LLC Hub,Tamara Powell
"Mckay, Johnson and Martin Hub",Ryan Kelly
"Watson, Roberts and Bowen Hub",Tammy Thornton
Day Group Labs,Lisa Garcia
Hamilton-Clay Labs,Mary Brown
Manning Group Network,Vincent Smith
Tran-Thompson Labs,Marc Riley
Harrington-Stanley Network,Steven Davenport
Evans-Guzman Network,Richard Adams
Randolph Ltd Studios,Jody Reeves
Murray Inc Network,Katie Bell
Anderson LLC Network,Jeffery Dean
Mcintyre-Pierce Hub,Tracy Gutierrez
"Mccormick, Robertson and Smith Network",Daryl Morton
"Summers, Velasquez and Gordon Network",Anthony Mccann
Clay Group Network,Kayla Stevens
Norris LLC Studios,James Nguyen
Yang PLC Network,Jessica Sanders
"Lewis, Johnson and Clements Studios",Juan Rose
Blackburn and Sons Studios,Lisa Leblanc
"Taylor, Stone and Munoz Hub",Kevin Rhodes
"Sanchez, Brooks and Smith Studios",Mrs. Erica James
"Harvey, Jones and Thompson Labs",Caitlin Wilson
Mueller-Craig Studios,Scott Johnston
Lawson-Robinson Labs,Jennifer Benjamin
Ross-Pierce Network,Jeff Herring
"Farmer, Brown and Serrano Hub",Andrew Le
Carter-Moran Studios,Jeremiah Cunningham
Webb Group Network,Christina Martin
Bolton PLC Network,Ryan Jones
Brown-Wise Network,Jennifer Anderson
Li-Nielsen Hub,Blake Brown
Dunn Inc Labs,Cameron Smith
"Thomas, Harris and Allen Network",Sara Becker
"Allison, Walker and Miller Labs",Daniel Greene
"Hayes, Jones and Moran Hub",Derek Murphy
Owen-Willis Network,Michael Brown
Rodriguez Inc Network,Michelle Jones
Williams-Mills Labs,Paul Ramos
"Macdonald, Foster and Allen Labs",Brian Gardner
Nelson-Nelson Labs,Judy Frazier
"Lucero, Powell and Taylor Studios",Albert Garcia
Villa LLC Network,Betty Morales
"Baldwin, Rhodes and Hodges Network",Pamela Smith
"Bean, Murphy and Cherry Network",Tracy Buck
Larson Inc Labs,John Miller
Allen Group Studios,Christopher Robertson
"Gilmore, Jones and Robinson Labs",Gina Cole
Williams and Sons Labs,Michael Flores
Adkins Inc Network,Kenneth Mccoy
Moss Ltd Network,Luis Singh
Hernandez LLC Studios,Mr. William Eaton
Smith and Sons Labs,Randy Chapman
Sanchez-Ortiz Labs,Melissa Copeland
"Gates, Peterson and Wright Studios",Steven Jones
"Wade, Guerrero and Smith Studios",Edward Park
James Inc Network,Christopher Sawyer
Simpson-Williams Studios,Sarah Roberts
"Stevenson, Pennington and Hooper Network",Courtney Anderson
Perry-Wall Hub,Samuel Nelson
Morris and Sons Hub,Cody Curtis
"Black, Gonzales and Cruz Network",Anna Hansen
"Olson, Nelson and Clarke Network",Joe Miller
"Rodriguez, Barry and Edwards Labs",Jack Shepherd
Nunez and Sons Hub,Kristen Ray
Brock PLC Hub,Shirley Espinoza
Stewart Inc Network,Sarah Jones
Miles-Mcintyre Hub,David Oconnell
Nash LLC Network,Rachel Robbins
Floyd and Sons Studios,Ronald Moses
Cain-Taylor Labs,Lee Frazier
Hicks-Watson Network,Michael Sanchez
"Herrera, Cummings and Merritt Network",Karen Howard
Ross and Sons Studios,Andrew Mccann
Patrick-Richards Labs,Nicholas Potts
"Mason, Thomas and Walter Studios",Mark Lee
"Willis, Moore and Wilson Hub",Lisa Simmons
Santana-Blackwell Network,Robert Warren
Stout Group Studios,Stephen Davis
Stanley PLC Studios,Daniel Munoz
Simmons Inc Hub,Brenda Mcmillan
English LLC Hub,Jason Robinson
Hunter-Walker Studios,Linda Rich
Rowe-Hartman Network,Dustin Conrad
Robinson-Baird Hub,Stacy Bradley
Zimmerman and Sons Studios,Kelly Barker
Green Group Studios,Amber Leonard
Graham-Silva Hub,Julia Miller
"Harvey, Brown and Mitchell Network",Rachel Wallace
Roberts Inc Labs,Caitlin Jones
"Spencer, Gonzalez and Thomas Hub",Pamela Vaughn
"Davenport, Bradford and Moore Network",Brooke Gomez
Crawford-Miller Studios,Jack Vasquez
Medina-Oliver Network,Alice Franco
Rojas-Lara Hub,Tammy Barker
Callahan and Sons Studios,Gloria Hess
Peterson PLC Labs,Adrian Rodriguez
Lowery-Russo Hub,Luis Green
"Hernandez, Smith and Wade Studios",Dr. Rhonda Fritz
Schultz and Sons Hub,Brandon Perry
Buchanan-Hawkins Network,Sherry Gentry
Johnson-Wood Studios,Brian Woods
Mathews-Dillon Network,Lori Johnson
Fisher-Arnold Network,Seth Martin
Dunlap LLC Hub,Megan Williams
"Bolton, Christian and Phillips Network",Carla Cook
Brady Inc Studios,Juan Fischer
Harris-Mcconnell Network,Jacqueline Molina
"Fields, Frederick and Jones Network",Elizabeth Price
"Phillips, Herrera and Moreno Studios",Dave Snyder
Simmons-Harvey Studios,Brad Hernandez
Torres LLC Hub,Chad Murphy
"Fisher, Flores and Garcia Studios",Katherine Evans
"Brown, Sanchez and Gonzales Network",Jeffery Gray
Rodriguez-Gonzalez Studios,Melissa Williams
May Ltd Labs,Erica Woods
Martinez PLC Hub,Alicia Parker
Mays PLC Network,Zachary Graham
Howell-Ortiz Hub,Sydney Allen
"Myers, Dominguez and Stout Hub",David Foley
Lawrence Ltd Labs,Danielle Leon
Mcbride Group Labs,Amy Walters
"Abbott, Higgins and Smith Labs",Kenneth Mendez
Thompson PLC Hub,Ashley Harmon
"Adkins, Rogers and Anderson Labs",Kelly Edwards
"Soto, Butler and Smith Labs",Alexis Walker
"Phillips, Dalton and Green Hub",Alexis Miller
"Vega, Flores and Salazar Hub",Tammy Watkins
"Wells, Mooney and Daniels Hub",Jesse Swanson
Baxter-Smith Labs,Richard Lara
Pierce PLC Hub,Stephen Parks
"Moore, Carroll and Harmon Hub",Daniel Hernandez
Schaefer-Potter Studios,Alicia Crawford
Lee Group Labs,Cynthia Lynch
"Holland, Zavala and Jefferson Hub",Alexandra Shepherd
Stafford-Miller Labs,Steven Davis
"Sandoval, Roberts and Jones Labs",Erica Scott
Williams-Flores Studios,James Taylor
"Griffin, Rodriguez and Jones Network",Lisa James
Rivera PLC Studios,Chad Allen
Guerra Group Labs,Mr. Christopher Massey
"Miranda, Jones and Rios Labs",James Sweeney
Phillips-Davis Hub,Lydia Chandler
Gray-Rodgers Studios,Laurie Singh
Chen Group Studios,Steven Mendoza
Crawford-Miller Network,Luis Greene
Santos-Wilkins Labs,Kelly Reed
Harrell Inc Network,Gabriela Rose
Gallagher-Clark Hub,Ana Perez
Lynch and Sons Labs,Lauren Velez
"Mcdonald, Parker and Harper Hub",Rickey Garcia
Brown Group Studios,Marcus Lewis
Hill-Meza Labs,Alyssa Rojas
Brown Ltd Hub,Shawn Owen
Mitchell-Reid Hub,Chelsea Diaz
Holmes Ltd Labs,Barbara Reed
Mitchell-Willis Hub,Todd Harper
"Valenzuela, Sullivan and Warren Labs",Bruce Moore
"Wallace, Willis and Patton Labs",Meghan Thomas
Williams-Allen Hub,Dr. Elizabeth Le
"Maddox, Chase and Mccullough Labs",James Jacobs
Gray-Russell Labs,Crystal Robinson
Woods-Miller Hub,Erica Russell
"Cantrell, Ryan and Armstrong Studios",Amy Green
"Alvarez, Wallace and Bradley Hub",Stacey Dodson
"Blackburn, Santana and Buckley Hub",Samantha Meyer
Melendez-Robles Labs,Kristina Meyer
"Cross, Santos and Rasmussen Labs",Kara Johnson
Martin Ltd Hub,Susan Alvarado
"Collier, Curtis and Simmons Labs",Thomas Mitchell
Willis-Richards Studios,Daniel Riggs
Green-Jackson Studios,James Hall
"Hull, Burke and Robinson Network",Erin Perez
Valenzuela and Sons Network,Christopher Williams
Briggs LLC Network,Francisco Jones
Dean Inc Network,Renee Park
Jennings-Henry Labs,Valerie Ellis
Howard LLC Hub,Cory Day
"Saunders, Ball and Curry Network",Jason Cooper
Allen-Le Studios,Brittney Wilkerson
"Nelson, Mcintosh and Fischer Labs",Patricia Burton
Liu LLC Network,Victoria Morris
Lindsey-Payne Network,Deborah Singh
Williams LLC Labs,Richard Ward
Webb Ltd Network,Taylor Little
Hernandez Inc Network,Jordan Allen
Jones Inc Hub,Heather Simpson
James-Kim Hub,Ebony Norton
Wagner-Davis Hub,Devin Lopez
Tran-Stephens Network,Holly Smith
Lambert-Williams Hub,Robert Thomas
"Thomas, Moore and Lyons Network",Joel Bennett
Crane-Henderson Labs,Victor Maldonado
Edwards-Myers Studios,Denise Chandler
Acosta-Andrews Studios,Brian Gutierrez
"Taylor, Leach and Thompson Studios",Jessica Stevenson
Sims-Adams Labs,Nicholas Wall
"Brooks, Jones and Small Studios",Stephen Wilson
"Miller, Berry and White Labs",Mary Gaines
"Bryant, Brooks and Taylor Network",Rachel Gardner
"Snow, Dawson and Valenzuela Network",John Anthony
Sexton-Forbes Network,Frederick Lopez
Carr and Sons Studios,Ricky Collins
Coleman PLC Studios,Kenneth Fowler
"Johnson, Sheppard and Sanchez Studios",Cynthia Horton
Black Group Studios,Joshua Lara
Shannon and Sons Labs,Jason Moore
Moyer-Golden Network,Victoria Castro
Schwartz-Nelson Studios,Whitney Curtis
Heath and Sons Hub,Holly Barrera
Johnson-Williams Labs,Mackenzie Thornton
Berger Inc Labs,Glenn Ward
"Potter, Henry and White Network",Shelby Turner
Brennan Ltd Studios,Wayne Clements
Vargas-Lewis Labs,Kendra Sims
"Miller, Green and Houston Labs",Wendy Wilson
Smith and Sons Studios,Robert Medina
Nelson PLC Studios,Dr. David Parker MD
"Watson, Nelson and Johnson Network",Wyatt Miller
"Washington, Brown and Carroll Studios",Danielle Higgins
Sanchez LLC Labs,Jonathon Hunt
"Brown, Huang and Stone Studios",Shari Smith
"Scott, Sanchez and Rivera Labs",Tammy Mack
Diaz Group Labs,Juan Austin
Moore LLC Hub,Holly Armstrong
"Bennett, Perkins and Johnson Hub",Samuel Ibarra
"Ortiz, Foster and Young Labs",Heather Watson
"Peters, Flores and Davenport Labs",Dr. Timothy Tanner
"Johnson, Kelly and Davis Network",Amanda Cline
"Wilson, Vasquez and Castillo Hub",Mark Shannon
Nguyen-Phillips Network,Sean Heath
Bradford LLC Network,Martin Adams
Myers Inc Network,Trevor Little
"Reeves, Hughes and Martin Network",Jennifer Brown
"Simmons, Pitts and Foster Studios",Scott Ross
"Navarro, Curtis and Shaffer Network",David Munoz
"Rodriguez, Rivera and Martinez Studios",Maureen Hernandez
Richardson LLC Studios,Ricky Phillips
Reynolds-Dixon Hub,Tara King DVM
"Velazquez, Howe and Diaz Studios",Justin Thompson
Galloway-Thomas Studios,Justin Martinez
Jackson Ltd Labs,Erika Harmon
Mann-Patterson Hub,Michael Sellers
Hansen-Merritt Network,Chase Mitchell
Vargas Group Labs,Christopher Allen
Dunn-Perez Labs,Nicole Roach
"Gilbert, Moyer and May Studios",Darren Robinson
"Skinner, Miles and Wood Studios",Ann Ward
"Gilbert, Hardin and Adams Studios",Raymond Welch
"Figueroa, Perez and Jones Network",Thomas Richards
"Pham, Arnold and Steele Labs",Robert Simmons
Heath-Aguilar Labs,Jessica Johnson
Moore Group Studios,Kenneth Coleman
"Smith, Mccoy and Fernandez Studios",Frank Burns
Joseph LLC Studios,Emily Garner
Brown Group Hub,Laura Norris
"Stewart, Reynolds and Evans Labs",Billy Byrd
"Bates, Powell and Torres Labs",Gordon Todd
"Bauer, Carey and Norton Labs",Nicole Dudley
Miranda Ltd Studios,Ricky Swanson
Pierce PLC Hub,Renee Buck
Parker-Harvey Network,Manuel Cummings
Contreras-Charles Studios,Anthony Mccullough
Dawson-Anderson Studios,James Watson
Shepherd Ltd Studios,Molly Huff
Clark Group Labs,Alexander Schneider
Davis LLC Studios,Sydney Gonzales
Castillo-Cortez Studios,Alexander Hines
"Bridges, Nelson and Robertson Network",Cheryl Decker
"Sampson, Miller and Fisher Labs",Julie Forbes
Martinez-Shepard Network,Patrick Gray
"Kelly, York and Miller Studios",Jeffrey Lawson
Vaughn-Mckinney Labs,Kelly Alvarez MD
"Tran, Riley and Johnson Studios",Candace Payne
Johnson-Armstrong Labs,Clayton Harrison
Wilson-Rodriguez Labs,Gregory Rowe
Stone-Baker Labs,Mr. Jonathan Wilson DDS
"Stevenson, Taylor and Rodriguez Studios",Laura Johnson
Gomez-Lopez Studios,Susan Armstrong
Jensen Ltd Labs,Lisa Nichols
"Obrien, Black and Bryant Hub",Joshua Thompson
"Morales, Stevenson and Thompson Hub",Hannah Ellison
Skinner-Tate Hub,John Morales
Parks LLC Network,Emily Massey
"Giles, Miles and Odonnell Network",Stephanie Bautista DDS
Case LLC Labs,Bethany Dickerson
"Thomas, Porter and Bennett Network",Tony Guzman
Taylor-Ho Network,Jennifer Blanchard
"Randall, Carpenter and Trujillo Network",Kelly Martin
Gonzalez Inc Hub,Katherine Mitchell
Robinson Ltd Studios,Anthony Camacho
Norton Group Labs,Mark Carpenter
Manning-Palmer Studios,Francisco Robinson
Yoder-Cohen Hub,Larry Fields
Howard Inc Studios,James Nguyen
Hoffman-Collins Studios,Kenneth Huber
Cobb-Wright Network,James Jones
Benson-Davis Studios,Erica Johnson
Hill Group Hub,Amanda Barnes
"Hansen, Henderson and Rivera Hub",Kaylee Marshall
Brown-Jackson Labs,Nicholas Castro
Johnson LLC Hub,Brittany Hayes
"Gallagher, Jimenez and Chavez Network",Kylie Johnson
Robinson-Miller Studios,Jeffrey Carter
Sanchez-Martin Studios,Kayla Ingram
"Hill, Yates and Wilson Network",Michael Gibson
"Ward, Griffin and Griffith Hub",Roger Carlson
"Cox, Clay and Mitchell Network",Robert Simpson
Briggs Group Labs,Leslie Jackson
Nelson-Miller Studios,Phyllis Green
Myers-Arnold Studios,Craig Cooper
Sullivan Ltd Network,Jessica Faulkner
"Salazar, Roberts and Whitehead Network",Christopher Vega
Collins Inc Hub,Jonathan Cox
"Robbins, Snow and King Network",Suzanne Miller
Jones-Garza Labs,Barbara Hunt
Silva PLC Studios,Kimberly Frazier
Cervantes PLC Hub,Jennifer Allen
Pena Ltd Studios,Aaron Pacheco
"May, Jones and Stephens Labs",Justin Rodgers
"Smith, Huerta and Hernandez Network",Brianna Harris
Rodriguez Ltd Hub,Sean Barber
Webster Ltd Studios,Samantha Moreno
Trujillo-Martinez Studios,Laura Hall
"Franco, Roberts and Abbott Studios",Michael Foley
Munoz-Cunningham Labs,Lisa Lewis
"Browning, Cox and Martinez Hub",Adriana Petty
Gray PLC Network,Matthew Page
"Francis, Martinez and Dickson Studios",Michael Fox
"Garcia, Long and Cline Labs",Michael Schultz
Newman-Taylor Studios,Paul Silva
"Castro, Craig and Blanchard Labs",Cynthia Flores
Williams Inc Studios,Michelle Edwards
"Wall, Gray and Ellis Labs",Bradley Harris
Harper-Choi Studios,Anna Cervantes
Waller-Rice Hub,Thomas Brewer
Daniels-Hicks Studios,Allison Shaw
Bryan-Diaz Network,Nicholas Williams
Thornton Ltd Labs,Christine Smith
Stevens-Adkins Labs,Zachary Beltran PhD
Zimmerman Inc Labs,Kenneth Cannon
Hill Group Hub,Jamie Cervantes
Cook and Sons Hub,David Valdez
Smith Inc Network,Brandon Williamson
"Kelly, Ryan and Mullen Studios",Robert Crawford
Dean PLC Network,Sarah Liu
"Nelson, Mccarthy and Buckley Studios",Joseph Reese
Davis PLC Studios,Kristie Ray
"Austin, Stone and Blair Studios",Frank Li
"Barnett, Padilla and Figueroa Studios",Micheal Brown
Hicks-Glenn Labs,David Barrera
"Phillips, Rogers and Davis Hub",Andrew Rangel
Edwards-Perry Studios,Jeffrey Huff
Shepard-Larson Network,David Morales
"Hunter, Howe and Henderson Hub",Kellie Daniel
Clarke LLC Studios,Lauren Tucker
Ortega-Vance Studios,Cathy Wolf
Bray PLC Hub,Robert Thomas
Banks PLC Labs,Daniel Horn
Kennedy-Cruz Studios,Noah Santiago
Wilson PLC Labs,David Palmer
Randall Inc Network,Mark Fernandez
"Scott, Wolf and Cole Labs",Joseph Pollard
Patel-Stevens Studios,Michelle Duarte
"Lyons, Baker and Carlson Studios",Emily Johnson
Wilkerson Inc Network,Adam Stuart
Thompson LLC Studios,Jeanette Hartman
Irwin PLC Network,Christopher Becker
"Lee, Buchanan and Smith Labs",Mr. Ryan Cruz
Ramirez-Simpson Studios,Jason Johnson
Chandler-Garcia Labs,James Ochoa
Jenkins PLC Studios,Charles Lee
"Aguilar, Howard and Bradford Studios",Pamela Howe
"Stanton, Stone and Wright Network",Morgan Flynn
Martinez-Hudson Hub,Nicholas Duran
Williams-Hunt Hub,George Hendricks
Decker PLC Hub,Johnny Fuentes
Green and Sons Studios,Courtney Mccoy
"Larson, Nguyen and Ross Network",Dr. Michael Sanchez MD
Jones-Jones Hub,David Morales
Williams Inc Network,Brianna Combs
Levy-Hodge Studios,Nathan Evans
Oconnell-Garcia Network,Mark Jenkins
Wilson LLC Studios,Ashley White
Meza-Castro Labs,Roy Thomas
"Phillips, Escobar and Khan Hub",Debra Anderson
"Ortiz, Gates and Mitchell Labs",Tammy Cole
"Hoffman, Atkinson and Turner Studios",Donna Mclaughlin
"Jones, Miller and Johnson Studios",Patricia Taylor
Turner Inc Studios,Autumn Dunn
Evans Group Labs,Michael Bradley
Alvarado Ltd Network,Karen Young
"Williams, Mitchell and Payne Hub",Destiny Marsh
Bowman-Santos Network,Lori Middleton
"Nelson, Smith and Carlson Hub",Brian May
"Moss, Jones and Nelson Network",Ernest Bates
Myers-Hill Labs,Lisa Howell
Ramos-Wilson Hub,Joseph Smith
"Scott, Barrett and Cook Studios",Ricky Roberts
Wallace-Shaw Studios,Edgar Wilson
Garcia Group Hub,Briana Keller
Green LLC Labs,William Jones
Harris-Perry Network,Jacob Guerrero
Sweeney Inc Studios,Amy Quinn
"Evans, Rogers and Malone Labs",Anthony Travis
"Lawson, Combs and Elliott Studios",Jeffrey Matthews
"Garcia, Williams and Fuller Studios",Scott Knight
Olsen Ltd Labs,Sharon Horton
"Singh, Simpson and Hudson Network",Anthony Bailey
Smith Ltd Network,Joseph Smith
Fitzgerald Inc Network,Matthew Sanders
Jennings-Griffin Network,Aaron Brown
Lynch PLC Labs,Mark Orr
Brown-Bowman Labs,Beth Miller
Hart Inc Hub,Joanna Reynolds
"Marshall, Baker and Miller Labs",Sarah Rice
Bowers-Finley Labs,Jeffrey Miller
Cordova Ltd Labs,Leonard Hogan
Adams-Williamson Network,Valerie Dalton
Ross-Garcia Studios,Jacob Jones
Walsh LLC Studios,James Perez
Hughes-Cobb Hub,Tara Kane
Strong and Sons Studios,Kimberly Young
Schultz-Ward Studios,Edward Goodman
Ellis-Nelson Studios,Corey Diaz
May Group Hub,William Oconnor
Lopez-Cox Labs,Denise Vance
Wood-Walton Labs,Tiffany Wilson
"Wilson, Duffy and Sanders Network",Katie Mendoza
"Gregory, Thomas and Malone Studios",Ashley Garcia
"Brooks, Phillips and Hughes Studios",Michael Russell
Deleon PLC Studios,Christina Bonilla
Russell-Jacobson Network,Julie Davis
Carlson Ltd Network,Jessica Floyd
Woods-Jones Hub,Haley Watson
Grant-Miller Network,Matthew Frazier
Ford Group Studios,Jamie Martin
Roberts and Sons Hub,John Clark
Castillo-Price Network,Christopher Padilla
Pruitt Ltd Labs,Robin Smith
Callahan-Griffin Network,Raymond Murphy
Davis-Gentry Network,Darrell Ramos
Curry-Phillips Network,Wendy Coleman
Ruiz-Olson Labs,John Valdez
"Leonard, Martinez and Taylor Hub",Sean Wells
"Tanner, Robinson and Livingston Network",Emily Simpson
Walker-Garcia Network,Brent Meza DDS
Ramos-Reed Network,Michael Sims
Lane PLC Network,Benjamin Sanders
Williams Group Network,Courtney King
"Watts, Hooper and Pearson Studios",Ryan Carroll
Duran-Holmes Network,Karen Wallace
Mullins and Sons Studios,David Oconnor
"Adams, Rhodes and Vega Labs",Ebony Cortez
Young-Jones Hub,Tony Lopez
Vaughn-Wilson Labs,Chad Avery II
"Salinas, Ross and Sullivan Labs",Jorge Lopez
"Huffman, Morrison and Shelton Hub",Elizabeth Salazar
"Myers, Stewart and Wheeler Labs",Stephanie Rivera
"Smith, Roberts and Maynard Studios",William Reid
Irwin-Sandoval Hub,Christopher Johnson
Foley Group Hub,Tina Maxwell
Fletcher-Smith Network,Gary Parker
Martinez Ltd Studios,Angela Harrell
Giles Inc Labs,Dale Porter
Moore Group Studios,Warren Wright
Sullivan Inc Labs,Scott Young
"Davidson, Williamson and Pacheco Labs",Jason Davis
"Holt, Briggs and Gordon Studios",Michael Graham
Norton and Sons Network,Kelly Valencia
"Gonzalez, Pittman and Brown Hub",Joshua Riley
Jones-Griffith Hub,Michael Irwin
Jackson Inc Hub,Mr. Troy Jones
Edwards Ltd Network,Jordan Taylor
"Robinson, Hale and Morris Studios",Ashley Duke
"Chen, Mcdaniel and Powers Labs",Haley Barnett
Mosley-Wood Network,Michelle Marshall
"Green, Lee and Mann Labs",Dennis Jackson
Bennett Group Labs,Jacob Lawrence
Harding PLC Hub,Mary Patterson
Davis-Bryant Studios,Kenneth Norris
"Weaver, Herrera and Garcia Studios",Beverly Warner
Wallace Inc Studios,David Duran
"Lee, Curry and French Network",Nathan Moore
"Kelly, Martinez and Martin Network",Aaron Fisher
Strong LLC Network,Sandra Matthews
Evans-Cline Labs,Brian Lee
Rodriguez Group Labs,Evelyn Edwards
Zimmerman and Sons Studios,Jeremy Jarvis
Davis Ltd Hub,Mary Smith
Barnes-Wilcox Studios,Mark Harrison
Brown-Miller Hub,Meagan Taylor
Sandoval-Rodriguez Labs,Calvin Morgan
Campos-Cohen Hub,Natalie Rivera
"Spencer, Smith and Huang Studios",Melissa Carroll
"Larson, Lopez and Mathis Network",Erica Wade
"Rogers, Moore and Perry Studios",Katie Cardenas
Moore Group Studios,Patricia Mcintyre
"Gregory, Lopez and Harvey Hub",Martha Hudson
"Paul, Anderson and Harris Labs",Joseph Obrien
Walker Inc Hub,Erica Stephens
"Johnson, Kelly and Flores Labs",Mr. Johnny Williams
Sullivan Ltd Network,Zoe Smith
"Brown, Edwards and Gilmore Hub",Chad Friedman
"Miles, Jacobs and Smith Hub",Samuel Simon
Macdonald Inc Labs,Cheryl Richards
Grant-Rodriguez Labs,Melissa Mcgrath
Murphy-Callahan Network,Lisa Henderson
"Smith, Cook and Ramos Hub",Julie Ortega
Holland-Miller Studios,Jonathan Espinoza
"Torres, Coleman and Carroll Hub",Jose Juarez
Willis Ltd Network,Latoya Alvarez
"Black, Chen and Sawyer Labs",Jennifer Hays
Schmidt-Sims Hub,Rebecca Miller
Davila Ltd Hub,Isaac Gutierrez
"Brennan, Phillips and Rhodes Studios",Kathy Zimmerman
Hancock-Johnson Network,Kelly Smith
Davis Group Network,Mary Martinez
Smith PLC Labs,Mario Kelley
Smith Inc Labs,Bill Lutz
Jennings-Warner Network,Stephanie Gould
"Hudson, Hernandez and Erickson Hub",David Hurst
"Medina, Jones and Winters Labs",Stephanie Thomas
Cook-Vasquez Labs,Ashley Mercado
Robinson Inc Network,Robert Ward
"Lawson, Ward and Riddle Hub",Patricia Brooks
Joseph-Hutchinson Studios,Jeffrey Peterson
Rodriguez PLC Hub,Angela Gray
Cole-Contreras Network,Lance Watson
"Yu, Wolfe and Robbins Studios",Terry Zamora
Horton-Stevenson Network,Mr. Michael Gray
Hoffman-Carpenter Network,Teresa Thompson
Williams and Sons Hub,Donald Thompson
"Booker, Williams and Peters Labs",Kelly Griffin
"Rodriguez, Suarez and Mendez Studios",Denise Garcia
Avery PLC Studios,Martin Doyle
Bell-Shields Hub,Anthony Le
"Kelley, Hickman and Evans Studios",Breanna Smith
Jackson-Garrison Labs,Alex Herman
"Peterson, Dalton and Mckenzie Studios",Kevin Moyer
"Smith, Lowe and Duarte Network",Erica Owens
Moreno-Peterson Studios,Tammy Carpenter
Johnson-Meyer Labs,Amanda Barrera
"Johnson, Grimes and Dunn Network",Lisa Williams
Jimenez LLC Hub,Lauren Davis
"Woodard, Lewis and Garcia Labs",Lindsay Young
Sharp PLC Labs,Mark Stone
"Chen, Davis and Coleman Labs",John Lewis
Todd-Roberts Hub,Emily Whitehead
Espinoza LLC Hub,Michael Fuller
Mendez PLC Hub,Kimberly Mcmillan
"Dixon, Davis and Schmitt Studios",Michele Peterson
"Smith, Stephenson and Contreras Network",Rhonda Smith
"Rivera, Howard and Allen Network",Jaime Jones DDS
"Garcia, Jensen and Smith Studios",Cynthia Williams
Ochoa Group Studios,Lisa Freeman
"Rodriguez, Mason and Simpson Studios",Ryan Jacobs
Garcia-Evans Labs,Erika Green
Love PLC Hub,Christine Lee
Smith-Branch Labs,Sandra Torres
"Ramos, Duncan and Patterson Hub",John Horn
Davis-Nichols Labs,Jaime Powell
Carter Ltd Studios,Elizabeth Myers
Washington Group Studios,Charles Nelson
"Espinoza, Jensen and Anderson Network",Kelsey Krueger
Arroyo and Sons Studios,Daniel Gibbs
"Burns, Anderson and Jones Network",Jeffery Perkins
"Smith, Martinez and Shaw Network",Katherine Walker
Norman and Sons Labs,Curtis Todd
Guerra-Landry Hub,Peter Hicks
Gross-Kim Labs,James Strong
Byrd PLC Labs,Julie Robinson
Patrick-Shelton Network,Kimberly Bell
White Inc Network,Antonio Garcia
Long PLC Labs,Gregory Johnson
Wright-Smith Network,Mr. Wayne Fletcher II
"Barajas, Dunlap and Huang Hub",Robert Brown
Kent-Horn Hub,Holly Stevens DDS
Duncan Inc Labs,Katie Mahoney
Sanchez and Sons Studios,John Howell
Hudson LLC Network,Roger Romero
Bell-Thompson Hub,Sarah Parks
Estrada-Potter Network,Karen Andrews
"Cox, Miller and Rodriguez Network",Jody Myers
Tucker Ltd Labs,Ryan Brown
Knight-Jackson Studios,Stacey Haynes MD
"Robinson, Valdez and Arias Network",Dylan Nicholson
"Rodriguez, Torres and Jackson Labs",Keith Perkins
Allen PLC Studios,Ian Cooke
Davis-Rocha Studios,Lori Howard
Bradley PLC Labs,Stephen Pennington
"Parker, Lewis and Nunez Network",Kevin Ross
Nguyen PLC Studios,Danielle Holmes
Harrington PLC Labs,Katie Leonard
Pruitt and Sons Hub,Stephen Green
Collins-Reyes Labs,Aaron Roberts
Harrison-Tate Labs,Melissa Kelly
Lucas-Davis Labs,Dylan Bryant
"Allen, Turner and Hinton Studios",Patricia Kelly
Nguyen-Roach Hub,Teresa Stephens
Dixon-Lee Hub,Tiffany Ward
Villarreal Inc Network,Yesenia Holloway
"Anderson, Gutierrez and Benson Hub",Jennifer Leach
Tanner and Sons Hub,Kyle Smith
"Cain, Robinson and Potter Studios",David Diaz
Morgan-Wagner Network,Edwin Garner
Chen Inc Hub,April Walker
Smith LLC Network,Mr. Brandon Mayer
Baldwin-Bennett Labs,Dustin Silva
Clarke PLC Studios,Justin Rodriguez
Dixon and Sons Labs,Peter Nelson
Delacruz-Harris Network,Michael Adams
Campbell LLC Studios,Benjamin Velez
Tucker-Fox Studios,Deborah Stokes
Nelson-Wells Labs,Michelle Gutierrez
"Andrade, Johnson and Bradley Studios",Tammy Schultz
Morris-Lewis Network,Heather Trujillo
Mason and Sons Studios,Ariana Vazquez
"Vargas, Lopez and Robinson Studios",Holly Wolf
"Smith, Mathews and Brown Network",Logan Curtis
Shepard Ltd Studios,Richard Snyder
Levy-Lewis Hub,Matthew Elliott
"Rocha, Rogers and Martin Studios",Jessica Perez
Nelson PLC Hub,Adrian Reilly
Webster Inc Hub,Katie Dyer
Campbell-Walker Hub,Heather Buckley
"Allen, Peterson and Howard Hub",Cameron Johnson
Schwartz-Thompson Network,Cassandra Beard
Chandler-Hoover Hub,Andrea Jones
Chen Ltd Hub,Timothy Collins
Brown Group Hub,Benjamin Lopez
Tucker-Davis Hub,Michael Wilson
Hancock-Singleton Network,Audrey Perez
Smith Inc Labs,Amber Leon
"Alexander, Guerra and Crawford Hub",Beth Cruz
"White, Miller and Ward Hub",James Richard
"Harris, Ward and Spence Studios",Jamie Lawson
Garcia PLC Hub,Sherry Simpson
Robinson-Roberts Network,Deanna Lara
"Martinez, Mendez and Dickson Studios",Danielle Moore
"Welch, Hickman and Carson Network",Shelby Decker
Ramirez Ltd Labs,Colton Bauer
"Hampton, Cross and Green Labs",Eileen Richmond
Mccullough-Romero Labs,Ricardo Morrison
Moon-Brown Network,Angela Turner
"Ibarra, Sherman and Davis Studios",Sylvia Curtis
Le-Marshall Labs,Ellen Torres
Robinson PLC Labs,Kaitlyn Warren
"Hernandez, Thompson and Ruiz Network",Christopher Brown
Richmond Group Network,Kelly Harris
Watson and Sons Labs,Jill Robinson
"Cohen, Carney and Garrett Labs",Rose Diaz
"Morris, Cortez and Esparza Hub",Donna Woodard
Tucker Ltd Hub,Caroline Davis
Rodgers PLC Studios,Jessica Trevino
Arnold-Lucas Hub,Eric Sullivan
Pope LLC Network,Teresa Phillips
Boyle PLC Studios,Anthony Harmon
"Travis, Bates and Bailey Studios",Kelly Davies
Murray and Sons Hub,Shawn Cannon
Perez-Bartlett Studios,Karen Holloway
Faulkner PLC Studios,Cody Marshall
Shaw-Cole Network,Joseph Baker
Zimmerman-Jacobs Network,Patrick Byrd
Lee and Sons Network,Cheyenne Bowers
Sanders PLC Studios,Mr. Andre Ruiz MD
Taylor LLC Network,Charlotte Brown
Best PLC Studios,William Becker
Harris PLC Hub,Wendy Thomas
Clark PLC Network,Tabitha Howard
Valdez-Hubbard Studios,Michelle Obrien
"Durham, Garcia and Young Hub",Rachel Smith
Brown-Jones Studios,Curtis Jones
Lewis and Sons Labs,Ryan Rivera
Lopez Group Labs,Ethan Rhodes
Torres-Hunt Network,Anthony Campos
"Hodges, Graham and Walker Labs",Derek Johnson
Curry-Miller Hub,Dennis Gill
Sparks-Thompson Labs,David Johnston
"Johnson, Ellis and Smith Studios",Jacqueline Price
"Salinas, Medina and Fleming Hub",Craig Michael
Nelson-Newton Labs,Sean Hayes
"Velazquez, Scott and Stone Studios",Gregory Jackson
Perry and Sons Network,Tiffany Turner
Dawson-Lee Labs,Cassandra Vang
Johnson-Jones Hub,Terry Keith
Watts LLC Network,William Crawford
"Solomon, Dawson and Smith Studios",Christian Williams
"Benson, Randall and Davis Network",David Rodriguez
Salas-Nelson Studios,Jesse Williams
"Garrett, Ramirez and Wiggins Network",Patricia Barry
"Scott, Braun and Dudley Network",Michael Moore
"Aguilar, Mcguire and Miller Network",Mary Rogers
George Inc Network,Erica Moore
Foley LLC Labs,Vanessa Ray
Lee-Riley Studios,Alexis Vasquez
"Hahn, Bell and Berg Studios",Christopher West
"Wilson, Kennedy and Curry Hub",Mary Washington
Goodwin-Lopez Network,Kimberly Chapman
Thompson-Jones Studios,Jeffery Williams
Day Group Labs,Joy Russell
Smith-Clements Network,Timothy Floyd
"Ball, Nelson and Torres Studios",Dr. Katie Collins DDS
"Robertson, Williams and Sullivan Labs",Sherry Johnson
Roth LLC Labs,Eric Garrett
Dodson-Jones Studios,Andrew Smith
"Duncan, Jones and Johnson Hub",Susan Russell
Lopez-Ward Hub,James King
White-Flores Hub,Joyce Hall
"Gibson, Carpenter and Wright Hub",Holly Kim
"Jackson, Becker and Yates Studios",Lisa Keller
Olson Inc Hub,Dustin Little
Randolph Inc Labs,Mindy Dunn
"Bailey, Dixon and Welch Studios",Joseph Smith
Byrd LLC Hub,Charles Lopez
Wilson-Dean Hub,Kirk Martin
"Rivas, Martinez and Colon Studios",Ryan Carter DVM
Hill-Cooper Labs,Mrs. Carol Sanders DDS
Ward-Watson Network,Ralph Arnold
Gomez Inc Hub,Francisco Carpenter
Hall PLC Hub,Linda Carson
"Johnson, Jones and Brown Network",Jay White
Carter-Griffin Studios,Melissa Russell
Myers-James Studios,Alexandria Walls
Dickerson PLC Studios,Jennifer Wilson
"Martinez, Williams and Duffy Labs",Sarah Thornton
"Gutierrez, Harrison and Jackson Hub",Victoria Pham
Jones-Nguyen Labs,Michael Palmer
"Sharp, Steele and Brown Hub",Benjamin Valdez
"Reyes, Wiggins and Patel Labs",Amanda Friedman
"Costa, Rodriguez and Johnson Labs",Laura Jones
Douglas Ltd Labs,Chelsea Johnston
"Mata, Gray and Vazquez Studios",Philip Garcia
Williams Inc Hub,Christina Larsen
Blevins and Sons Network,Gregory Johnson
Byrd-Rodriguez Hub,Joshua Green
Murray Inc Labs,Peter Cooper
Stokes-Jackson Network,Scott Leblanc
Clark Inc Labs,Andrew Arias
Stewart-Bowman Studios,Wayne Kelley
Roach-Quinn Labs,Harold Griffin
Reynolds PLC Hub,James Burgess
"Wilcox, Schneider and Franco Hub",Joshua Valentine
Steele-Chase Network,Eric Hickman
Butler PLC Network,Thomas Mayo
"Frost, Cox and Brooks Labs",John Walker
"Thompson, Young and Nguyen Labs",Cynthia Gonzalez
"Stanley, Freeman and Snyder Network",Renee Howell
Jones-Olson Studios,David Wolf
Buck-French Hub,Veronica Hall
Sparks Ltd Labs,Amber Robinson
Richardson LLC Studios,Jennifer Andrade
Powers-Johnson Studios,Leslie Howe
Yoder PLC Hub,Daniel Haney
Mclaughlin Ltd Hub,Kim Hayes MD
Johnson PLC Labs,Brandon Sandoval
Gray Group Studios,James Knight
Sims Inc Hub,Paul Cuevas
Kennedy-Alexander Hub,Michael Bailey
Frank LLC Network,Jim Gibson
Griffin Ltd Studios,Cynthia Adams
Peters Ltd Studios,Keith Hill
"Brown, Hurley and Glover Network",Edwin Webb
Dominguez-Hayes Hub,Taylor Richardson
"Harper, Sims and Bradshaw Hub",Allison Aguirre
Williams Group Studios,Brandon Lewis
Barnes-Reed Network,Steven Baker
Rodriguez Inc Network,Jamie Davis
Lopez-Chase Hub,Laura Davis
Russell-Riddle Studios,Melvin Tran
"Joseph, Smith and Shaw Studios",Daniel Woods
"Mitchell, Mccarthy and Holt Network",Taylor Brown
Perez-Perkins Hub,Patricia Neal
"Lee, Colon and Mcdonald Network",Nicole Ward
Pierce-Hernandez Studios,Terry Bryan
"Villa, Hughes and Ellis Labs",Dennis Orr
"Boyer, Gallagher and Ward Studios",Anthony Smith
"Peterson, Perez and Lyons Hub",Jack Long
"Joseph, Wang and Roberts Network",Mr. Joshua Carter
Davis Ltd Network,Jill Silva
Clayton Inc Network,Krista Wright
Morrison Group Hub,Jennifer Bennett
Schneider-Wagner Network,Thomas Farrell
Anderson-Long Studios,Lisa Anderson
Valentine LLC Labs,Kenneth Walker
Singh-Michael Studios,Shelly Baker
Leach PLC Network,Yvonne Villa
"West, Avila and Scott Labs",Steven Taylor
Colon LLC Labs,Peter Mccann
Butler Group Labs,Melissa Reynolds
"Moore, Ross and Rice Studios",Alexander Patterson
Reed-Ramirez Hub,Tracey Bishop
Roberson-Gutierrez Hub,Victoria Ramos
Adams Ltd Labs,Bonnie Martin
Clark Ltd Studios,Kayla Brown
Morris and Sons Hub,Julie Sims
"Hanna, Espinoza and Jefferson Network",Jack Harris
Manning PLC Labs,Casey Benjamin
Meyer LLC Hub,Cynthia Leblanc
Black-Turner Studios,Jennifer Franklin
Anderson-English Studios,Lisa Glover
Davis PLC Network,Steven Gardner
Chen-Rogers Studios,Tiffany Williams
Rivas-Hanson Studios,Sandra Taylor
Nelson-Doyle Studios,Anthony Rose
"Lee, Warren and Simpson Labs",Andrew Cannon
"Dyer, Wilson and Walters Network",Todd Henderson
"Martinez, Burns and Gregory Network",Geoffrey Franklin
"Perez, Davis and Quinn Network",Andrea Jones
Holt Inc Studios,Steven Hamilton
Adkins PLC Studios,Hayley Cohen
Webster-Scott Labs,Curtis Smith
"English, Bennett and Jones Hub",Cassandra Nunez
"Solis, Olson and Wu Network",Thomas Olson
Schwartz-Dennis Labs,Joy Villegas
"Smith, Miller and Frank Network",Nicholas Vance
Shepard Inc Labs,Timothy Walker
Morton PLC Hub,Jonathan Burnett
Thompson LLC Studios,Mrs. Sandra Wilson
Moreno and Sons Network,Rebecca Taylor
Blevins PLC Studios,Rebecca Bell
Thompson Ltd Network,Tracy Romero
Hardy PLC Network,Daniel Roberts
Patel Inc Network,Gina Nelson
Smith LLC Hub,Jennifer Warner
Patterson-Mitchell Network,John Young
Ramirez PLC Labs,Melissa Moore
Townsend-Hall Hub,Megan Fleming
Lewis and Sons Studios,Christina Nguyen
"Riddle, Parker and Mueller Hub",Elizabeth Ray
"Smith, Boyd and Jordan Network",Steven Ferrell
Bentley Ltd Network,Joseph Vasquez
"Ramos, Jones and Rocha Network",Sharon Mendez
Roy PLC Studios,Kim Robinson
Hill PLC Studios,Michele Edwards
Wilcox-Willis Studios,James Baker
Allen Group Studios,Larry Smith
Garcia-Schneider Studios,Tony Stewart
Kim-Jacobs Studios,Joshua Mullen
"Bailey, Monroe and Hill Hub",Timothy Davis
Wu and Sons Studios,Laura Gonzales
"Suarez, Koch and Hughes Labs",Raymond Mendez
Hess PLC Network,Jeffrey Ward
Wagner-Griffith Network,Russell Hampton
Bishop-Smith Hub,Karen Hoffman
"White, Shelton and Forbes Studios",Eric Clark
"Jennings, Perez and Jones Network",Todd Ramirez
Saunders Ltd Network,Karen King
Lewis LLC Network,Charlene Mccoy
"Allen, Bonilla and Murphy Studios",Brandon Molina
Hill-Clay Studios,Michael Villarreal
"Ford, Williams and Thomas Labs",David Strong
Snyder Ltd Network,Frederick Porter
Cole-Davis Hub,Suzanne Singh
"Villarreal, Torres and Farrell Network",Cassandra Mckenzie
Lee-Meyers Network,Suzanne Carson
"Martin, Grant and Higgins Labs",Brian Wallace
"Roberts, Jones and Williams Labs",Kirk Adams
Chan PLC Hub,Isaac Thomas
"Burns, Ortega and Hall Studios",Jesse Fox
Howard Group Network,Daniel Perry
Stanley PLC Network,Laurie Cline
Porter-Mitchell Labs,Sheila Sanchez
"Rogers, Estrada and Lopez Network",John Jackson
Fisher-Travis Network,Dr. William Jensen
Best Ltd Studios,Heather Sullivan
Oneal-Walker Studios,Melissa Mills
Kelly-Mckee Hub,Krista Wolf
West-Wheeler Hub,Mary Smith
Landry PLC Network,Robert Frederick
"Benton, Huerta and Summers Studios",Marie White
Roberts PLC Labs,Ashley Maynard
Perez-Burch Labs,Jeffrey Martinez
Miller-Jenkins Labs,Michelle Higgins
"Roach, Thomas and King Labs",Abigail Clements
Clay-Hobbs Labs,Nicholas Patterson
Henry PLC Hub,Benjamin Smith
"Lucas, Nolan and Johnson Hub",Nicholas Green
Bishop and Sons Labs,Kimberly Serrano
"Powell, Bryan and Baker Hub",Robert Ryan
Cardenas PLC Hub,Katie Warner
Yu-West Network,Allison Diaz
Klein LLC Network,Kaitlyn Henderson
Johnson LLC Studios,Jonathon Kane
"Graham, Collins and Davis Studios",Kelly Moore
Rivera Group Studios,Renee Williams
"Parks, Miller and Armstrong Labs",Nicole Pittman
Sutton-Bass Hub,Lisa Perez
Sawyer-Stone Labs,Keith White
Branch-Mcmahon Network,Clinton Baldwin
Richardson PLC Hub,John Owens
Williams-Griffin Network,Shannon Rose
Oneal Group Studios,Mark Potts
Morales Inc Hub,Jason Arnold
"Walker, Butler and Lowe Hub",Michael Diaz
Jennings and Sons Studios,Janet Coleman
Johnson and Sons Studios,Jeffrey Johnson
"Braun, Hughes and Nichols Hub",Teresa Harper
Walker Ltd Network,Lindsey Hurley
"Williams, Shelton and Miller Network",Rebecca Wright
Simpson PLC Studios,David Kelley
"Ruiz, Smith and Ryan Labs",Nathan Peterson
Kelly LLC Hub,Glen Walker
Horton PLC Studios,Regina Gibson
"Mosley, Ramos and Vance Network",James Matthews
Chavez-Estes Labs,David Kent
Lloyd-Rose Labs,Nancy Jackson
"Clark, Sexton and Edwards Labs",Lisa Jensen
Ortega-Steele Labs,Amanda Waters
Phillips-Harris Hub,Crystal Padilla
"Ferrell, Wells and Martin Hub",Laura Price
Love-Baker Studios,Emily Turner
Larson-Perkins Hub,Daniel Payne
Fuller LLC Network,Anna Davidson
"Wells, Vazquez and Roberts Network",Ronald Pugh
"Ramos, White and Medina Studios",Ashley Ramirez
Vance-Moore Labs,Kelsey Ross
Jones Ltd Network,Seth Mathews
Webb-Johnson Network,Sarah Garcia
Flores-Green Labs,Christopher Gonzales
Bennett Group Network,Sara Simmons
Short PLC Network,Mark Hill
Thomas-Garcia Studios,Michael Sellers
"Norton, Reyes and Washington Labs",Michael Walsh
Velasquez-Guerrero Network,John Anderson
"Grant, Clayton and Ferrell Studios",Dr. Henry Ross
Murray-Harper Labs,Stacey Larson
"Griffith, Obrien and Smith Network",Jeffrey Young
Blair-Buck Network,Christopher Cohen
Hudson-Davis Hub,Jesse Brown
"Day, Wright and Lozano Network",Hannah Maynard
"Nguyen, Bryant and Gray Labs",Rhonda Downs
Smith Ltd Network,Travis Larson
Lambert-Garcia Network,Gregory Rodriguez
Payne-Kelly Studios,Scott Oneal
"Gonzalez, Wade and Madden Studios",Daniel Pitts
Myers-Bailey Network,Michael Warren
Clark Inc Hub,Jessica Wilson
Roman LLC Studios,Jamie Simpson
"King, Norton and Odom Studios",Mr. Blake Lambert Jr.
Ali LLC Network,Monique David
"Bailey, Jones and Valencia Labs",Mr. Brian Figueroa MD
Miles and Sons Network,Cheyenne Carlson
Martin-Obrien Studios,Jacqueline Brown
Bender and Sons Hub,Karen Coleman
"Pruitt, Chapman and Ray Studios",Crystal Bates
Thomas Ltd Network,Sheryl Hansen
"Grant, Miller and Weber Labs",Dustin Moore
Smith and Sons Studios,Joanna Shannon
Vang Group Network,Tiffany Chavez
Rubio-Harmon Hub,Emily Castillo
"Burgess, Gonzales and Evans Hub",Michael Jackson
Thomas-Manning Studios,Victor Rivas
Bowman Inc Network,Maria Mcguire
"Boyle, Pruitt and Ross Network",Grace Johnson
"White, Williams and Stephens Studios",Noah Golden
Ponce and Sons Hub,Randy Patton
"Grimes, Short and Daniels Labs",Taylor Smith
Anderson Group Hub,Sandra Gray
Quinn-Jones Hub,John Peterson
Powell-Wells Network,John Myers
Potts-Richardson Studios,Derrick Ellis
Cruz Inc Hub,Juan Espinoza
Mayo-Jones Studios,Roy Jackson
Byrd-Navarro Network,Michelle Anderson
Palmer-Reid Network,Tammy Sloan
"Rodriguez, Nichols and Gordon Network",Dominique Day
"Bolton, Watkins and Ramos Network",Rachel Griffin
Kramer-Contreras Studios,Christina Harris
"Ho, Davis and Warren Studios",Michael Daugherty
"Kennedy, Thompson and Edwards Studios",Tiffany Johnson
Cross Inc Labs,Michelle Estrada
Martinez Ltd Studios,John Larson
"Meadows, Smith and Howard Studios",Jeffrey Haney
Quinn Ltd Network,Ryan Merritt
Houston PLC Network,Teresa Green
Allen and Sons Labs,Christine Taylor
"Anderson, Foster and Morgan Studios",Jasmine Horn
Montes-Coleman Network,Maureen Moody
Roberts Ltd Hub,Joseph Green
"King, Maldonado and Thomas Labs",David Mckinney
"Sullivan, Gutierrez and Larson Hub",Alexander Reed
Taylor and Sons Hub,Levi Cook
"Harmon, Reed and Cooley Labs",Anthony Howard
Williams-Beard Studios,Garrett Wang
Stone-Curtis Labs,Andre Gregory
Johnson-Faulkner Network,Joanna Cuevas
"Grant, Mays and Conley Hub",Emily Frye
Jordan-Wheeler Network,Dylan Mack
"Phillips, Roberts and Porter Network",Jacob Mills
Wolf-Howard Hub,Joseph Price PhD
Thomas-Rogers Network,Marcus Esparza
Porter-Powell Network,Laura Rose
Rojas Group Labs,James Delacruz
Wilson LLC Hub,Brenda Mason
Moore-Hampton Labs,Joseph Ross
Vang-Hayes Studios,Kimberly Meyer
Jackson-Walker Labs,Taylor Gonzalez
Johnson LLC Network,Robert Bates
"Daugherty, Castillo and Hernandez Hub",Brian Morales
Wilson-Kane Network,Luis Walton
Hogan LLC Labs,Erica Espinoza
Hubbard Inc Studios,Jonathan Lewis
"Jensen, Rodriguez and Miller Studios",John Hebert
"Thompson, Myers and Huff Studios",Sarah Leon
Williams-Clark Labs,Amy Padilla
Lang-Warner Studios,Tony Rose
Jones and Sons Network,Sarah Sanders
"Hancock, Banks and Drake Labs",Jackson Dean
Gutierrez-Carr Labs,William Ryan
"Cross, Underwood and Turner Network",Tony Black
"Mendoza, Floyd and Clayton Studios",Andrea Doyle
"White, Jackson and Woods Hub",Donna Cruz
Baker-Schroeder Studios,Alyssa Brown
Baker-Swanson Hub,Eric Riley
Vazquez and Sons Network,Adrienne Moore
"Powell, Williams and Thomas Labs",Mr. Kevin Weaver DVM
Lee PLC Hub,Patricia Black
Rodriguez LLC Studios,Jason Warner
Mitchell Inc Hub,John Pierce
"Tanner, Turner and Jenkins Studios",Monica Nguyen
Rivera Ltd Labs,David Bailey
"Velazquez, Miller and Hernandez Hub",Gary Wolfe
Hammond-Harvey Network,Patricia Hayes
Sosa LLC Labs,Amy Norris
"Love, Baxter and Hardy Hub",Allison Gonzales
Patterson-Evans Hub,John Harris
"Rich, Becker and Lane Studios",Brian Roberts
Rogers and Sons Network,Rachel Holland
Robinson and Sons Network,Denise Salas
Ward-Baker Hub,Erica Aguirre
Rodriguez-Thompson Studios,Brianna Kim
Barnes-Jarvis Hub,Robin Jones MD
"Adams, Campbell and Hancock Network",Dr. Sandra Allen
"Webster, Mccarthy and Rice Hub",Shelly Johnson
Nguyen-Clark Studios,Tyrone Cameron
"Harris, Walker and Brown Hub",Elizabeth Harvey
Smith and Sons Network,Mark Kane
Brown PLC Studios,Caitlin Morris
Howell and Sons Network,Eric Bolton
Adams-Garza Studios,Ann Freeman MD
Sellers Group Studios,Mark Simon
Green Ltd Hub,Kristina Willis
Garcia-Meyer Labs,Daniel Chambers
Kent LLC Labs,Tasha Hall
Peterson-Villanueva Network,Summer Watson
Diaz-Bridges Studios,Thomas Meyer
Hayes-Wiggins Studios,Megan Farrell
Clarke Inc Network,Elaine Parks
"Douglas, Alvarez and Owens Studios",Melanie Rodriguez
Wood LLC Labs,Aaron Smith
Mills and Sons Network,Jessica Reese
Andersen-Greene Labs,Jessica Martin
Garcia-Kelly Hub,Lynn Green
Frey Inc Labs,Jacqueline Campbell
Knapp-Chase Studios,Jeffrey Dean
Rojas PLC Labs,Joseph Martin
Bartlett-Brooks Network,Kristy Bentley
"Barron, Martinez and Lee Labs",Samuel Watkins
Martinez-Beck Hub,Kevin Barrett
Lewis-Barker Studios,Kimberly Chavez
Ingram-Norman Network,Brian Townsend
Clay-Salazar Network,Andrea Rocha
"Griffin, Pearson and Rodriguez Labs",Christopher Arnold
"Murphy, Kelly and Carter Network",Sherry Shannon
Colon-Anderson Labs,Jacob Jones
Huffman Inc Hub,Mrs. Angela Hansen MD
"Andersen, Gonzales and Rice Labs",Michael Johnson
Bailey-Garcia Network,Stephen Medina
Adams-Romero Studios,Kristin Barnes
Baker-Patel Studios,Stephanie Jones
"Benson, Munoz and Harris Network",Michelle Wade
"Woodard, Valdez and Myers Hub",Samuel Hood
Gutierrez Ltd Studios,Savannah Francis
Calderon and Sons Studios,Sue Long
"Ward, Martin and Yates Network",Benjamin Schultz
Bailey Inc Network,Matthew Cummings
Hunter-Scott Studios,Gina Solomon
Moreno-French Studios,Isaac Bell
Franklin-Ross Hub,Breanna Johnson
"Russell, Campos and Smith Studios",Victoria Salazar
Randall PLC Network,Daniel Hayes
"Frazier, Reyes and Chambers Studios",Gary Moore
Bryant Inc Network,Alexandra Mckenzie
Hernandez PLC Network,Deborah Thornton
"Jones, Ellis and Briggs Hub",Paul Brown MD
"Vargas, Olson and Hickman Labs",Norman Shea
Martin LLC Studios,Erin Reynolds
Andersen-Thompson Hub,James Reed
Torres-Smith Studios,Dorothy Riley
Patterson LLC Studios,Walter Miller
"Davis, Mcclure and Hurst Network",Jeffrey Gray
Clark Group Studios,Timothy Reynolds
Campbell-Scott Network,Andre Wilson
"Arnold, Johnson and Perez Hub",Brenda Douglas
Henry-Perez Network,Chad Rodriguez
Arellano Group Network,Jasmine Williams
Nguyen Ltd Hub,Eduardo Valencia DDS
"Jacobs, Brown and Barr Network",Richard Burke
"White, Medina and Guerrero Labs",Jacqueline Green
Huffman Group Studios,Matthew Wilkins
Phillips-Crosby Studios,Katie Rodriguez
"Rowe, Flynn and Miller Studios",Kristen Peterson
Sanford-Cain Network,Eric Price
"Rhodes, Waters and Chambers Network",Cynthia Brown
Thompson-Peterson Labs,Adam Williams
French Inc Labs,Thomas Blake
Hernandez-Kent Hub,Amy Clark
Todd-Ward Labs,Tracey Wagner DDS
Brooks-Harris Network,Ronald Jones
Collins Group Hub,Carol Graves
Morris Ltd Network,Mary Lee
Mclaughlin-Jacobson Labs,Mckenzie Park
Hancock-Miller Network,Keith Webb
Terry-Schneider Labs,Heather Lane
Moore-Jackson Network,Mark Luna
Murphy Group Hub,Mrs. Michelle Mcguire MD
Johnson and Sons Network,Laura Watson
"Mejia, Mcguire and Williams Network",Caitlin Allen
"Torres, Lopez and White Hub",James Williams
Phillips PLC Hub,Bryan Atkinson
"Nelson, Fisher and Price Labs",Michael West
Peterson-Turner Labs,Paul Williams
"Martin, Robinson and Coffey Network",Sarah Weber
"Maxwell, Adams and Williamson Studios",Rachel Martin
Parker Inc Hub,Deborah Johnson
Johnson Ltd Labs,Robert Brooks
Harris-Mathis Studios,Tyler Adams
Randall-Reyes Studios,Derek Calhoun
Mckee Ltd Network,Alyssa Spencer
"Miller, Gonzales and Taylor Studios",Randy Rodriguez
Dillon-Winters Labs,James Nelson
Weaver and Sons Labs,Alexander Greer
"Romero, Smith and Washington Labs",Bruce Macdonald
"Edwards, Mejia and Hamilton Studios",Leslie Aguilar
"Ross, Novak and Estrada Labs",Andrew Graham
Herring Group Network,Barbara Taylor
Allen-Chapman Network,Vanessa Golden
Barnett and Sons Network,Kelsey Washington
Howard-Taylor Hub,Jason Allen
Bernard Ltd Studios,John Jenkins
Pace-Dixon Hub,Suzanne Key
Hernandez Group Studios,Paul Jones
Fry-Gamble Studios,Miss Tiffany Baldwin DDS
Love-Knight Labs,Richard French
Jacobson-Garrett Hub,Cynthia Lee
"Powers, Gomez and Lewis Studios",Douglas Scott MD
Hall-Boyer Labs,Erika Li
"Morrison, Pruitt and Griffin Labs",Amy Tran
Larson-Newton Hub,Lori Harris
"Johnson, King and Newman Studios",Jennifer Robinson
"Zavala, Ortega and Cuevas Studios",George Smith
Robinson PLC Labs,David Santana
"Salazar, Wright and Evans Network",Robin Bowers
Ortiz-Taylor Studios,Sarah Hardy
Poole-Simpson Hub,Steve Dawson
Rush-Myers Hub,Donna Salazar
"Sanchez, Cunningham and Rodriguez Hub",Juan Hayes
Smith-Nguyen Labs,Debra Ortega
Howell-Carr Labs,Christopher Gutierrez
Matthews Inc Hub,Steven Montgomery
"Owens, Ortiz and Mendoza Network",David Morgan
"Farrell, Matthews and Duncan Hub",Thomas Gomez
Payne-Reilly Hub,Nathan Stevens
Mason and Sons Labs,Julie Mercado
Valdez PLC Labs,Zachary Kelley
King PLC Labs,Lisa Williams
Herring Ltd Hub,Christopher Ryan
Singh-Hardin Labs,Brian Pope
"Faulkner, Tapia and Leonard Network",Jason Tran
Lopez Ltd Labs,Kevin Watson
"Chang, Hickman and Meyer Labs",Tracy Francis
Lopez Ltd Studios,Jeffrey Hess
"Lang, Sanders and Snyder Studios",Lisa Delgado
"Blankenship, Castillo and Moore Labs",Heather Mendoza
Whitehead and Sons Studios,Victoria Everett
"Brown, Bentley and Montoya Network",Aaron Price
Perez-Rodriguez Studios,David Melton DDS
Brown-Sanders Hub,Ann Cantrell
Collier Group Labs,Edward Guzman
Mitchell LLC Labs,Elizabeth Gould
Stone-Garcia Hub,Kelsey Solis
Hudson and Sons Network,Michelle Foster
"Deleon, Romero and Phillips Labs",Hector Callahan
"Holloway, Rodriguez and Allen Studios",Nicole Ramos
Hayes and Sons Labs,Anthony Rodriguez
"Johnson, Stephens and Lloyd Hub",Paula Boone
Heath-Barrera Labs,Melissa Norton
Murphy Inc Hub,Tammy Diaz
Vaughn-Evans Hub,William Smith
Rogers and Sons Network,Kari Thomas
"Brewer, Trujillo and Miller Network",Maria Brown
"Woods, White and Cook Labs",Nicholas Silva
Glenn and Sons Studios,Kerri Hansen
Walker Group Labs,Vincent Hughes
Spears-Edwards Network,Michelle Miller
"Monroe, Mccall and Harris Labs",Carolyn Gardner
Fields-Haas Labs,Carmen Powell
Coleman Inc Studios,Albert Jacobs
Torres-Miller Hub,Marc Zimmerman
King PLC Studios,Meghan Williams
"Thomas, Miller and Cross Studios",Holly Lawrence
"Bradley, Butler and Campbell Studios",Alicia Flores
Terrell and Sons Network,Ricky Henderson
"Jones, Davis and Hoffman Network",Steven Howell
Mckee PLC Studios,Danielle Lopez
"Scott, Stone and Walker Labs",Cheryl Huber
Carter LLC Network,Katherine Reyes
Holland PLC Network,Chelsey Bell
Moore-Boone Studios,Joel Sims
Dyer and Sons Network,Justin Wilson
"Hill, Reynolds and Wise Studios",Patricia Rich
Reed PLC Network,Christie Sutton
"Chandler, Munoz and Bonilla Studios",Matthew Matthews
Hanson Inc Hub,Erica Bell
Rubio-Snow Labs,Amanda Smith
"Harris, Owen and Barker Hub",Eric Robertson
"Beck, Barnes and Arias Studios",Marcus Reid
Morales-Lewis Studios,Heather Walker
Turner Inc Hub,Mark Best
"Cervantes, Lamb and Valencia Network",Jessica Lee
Cooper-Murray Labs,Clinton Jackson
Johnson-Torres Studios,Michael Lee
Wells LLC Network,Pamela Diaz
"Mitchell, Oneal and Mills Labs",Robert Williams
"Martin, Johnson and Harrison Network",Rebecca Morgan
Jones-Barnes Network,Amy Dalton
Hayes Group Labs,William Bradley
"Ellis, Jimenez and Smith Labs",Carrie Wolfe
Powell Inc Hub,Robert Young
Fitzpatrick Ltd Hub,Brent Moody
"Chen, Wilson and Lopez Hub",Andrea Dominguez
"Ramos, Woodard and Gutierrez Studios",Kylie Brandt
Smith-Barr Hub,Jacqueline Hansen
"Scott, Frye and Mcknight Labs",Amy Bennett
Roberts Inc Studios,Zachary Brown
Foley-Hamilton Labs,Eduardo Davidson
"Johnson, Cochran and Gray Studios",Cynthia Atkinson
Garcia-Webb Network,Stephen Gardner
"Avila, Martinez and Martin Network",Amy Miller
Smith and Sons Network,Mary Ramirez
Golden-Bowers Labs,Maria Wood
Baker-Hoover Hub,Alejandra Chan
Burns Inc Network,Bryan King
"Bailey, Harrison and Moore Network",Christopher Booth
Stewart and Sons Labs,Vanessa Ruiz
Barber PLC Network,Christopher Hill
"Wilson, Rivera and Williams Hub",Erica Johnson
Serrano Group Labs,Colleen Day
Castillo-Duncan Studios,Yolanda Hill
Cunningham-Hayes Labs,Ashley King
"Ortiz, Martinez and Turner Network",Brent Hansen
"Robinson, Carlson and Gonzalez Labs",Anthony Riley
Newton-Aguilar Studios,Chelsea Lewis
Wiggins-Simmons Labs,Mandy Davidson
"Rivera, Walton and Gordon Network",Tommy Acosta
Kim-Richardson Network,Brittany Scott
Galloway Ltd Studios,Cheryl Guerra
Arnold-Friedman Labs,Felicia Levy
Calhoun PLC Studios,Lisa Thomas
Alexander LLC Labs,Katherine Gonzalez
Martinez-Grimes Labs,Judy Burch
Jones-King Network,Matthew Walker
Stein Ltd Hub,Beth Williams
Woods-Williams Labs,Maria Benitez
Fox PLC Labs,Sandra Liu
Davenport LLC Network,Shannon Morris
Baker PLC Hub,Kimberly Howard
Garcia Group Studios,Richard Keith
"Spencer, Camacho and Lara Network",Connie Moore
Villarreal-Garcia Network,Mark Young
Bell LLC Hub,Mrs. Amy Gates
Ortiz-Cannon Studios,Richard Torres
Rivera LLC Hub,Jill Patel
Bond Group Labs,Mark Martin
Rice-Nelson Hub,Krystal Jones
Coleman-Vasquez Hub,Jeffery Noble
"Hill, Wolfe and Griffin Network",Mario Larson
"Mendez, Smith and Flowers Hub",Victoria Cox
Hernandez-Bailey Network,Steven Harris
Palmer PLC Network,Linda Wagner
Phillips Group Network,Thomas Maxwell
Davis-Marshall Network,Brandi Haley
Brown Ltd Labs,Kimberly Ward
Parker-Howard Studios,Andrea Rivera
"Brown, Gibson and Harper Network",Warren Watts
"Ramos, Tucker and Castro Labs",Dawn Martinez
"Franco, Young and Jones Labs",Randy Vance
Davis-Brown Hub,Dustin Barker
Scott PLC Labs,Lisa Nguyen
Barnes-Mason Hub,Christopher Randolph
Roberts-Levy Labs,Dustin Hudson
"Anderson, Phillips and Taylor Hub",Morgan Lucas
"Fisher, Leach and Jackson Studios",James Holmes
Palmer Ltd Studios,Danielle Allen
"Jones, Melton and Sanchez Studios",Mr. Jared Dunlap
Smith Group Network,Kyle Martinez
"Roberts, Hayes and Hawkins Hub",Mr. Daniel Walters MD
"Wright, Miller and Khan Network",John Giles
Serrano-Sheppard Labs,Angela Patterson
Galloway PLC Network,Alexandria Strickland
"Murray, Ramirez and Barrett Hub",Bethany Brown
"Allen, Hall and Pennington Studios",Travis Sanchez
Wright-Kelley Studios,Monica Newton
"Soto, Reyes and Morgan Network",Jason Mathews
Martin Ltd Labs,Yolanda Carter
"Walker, Cabrera and Ray Hub",Hannah Davis
Allen Inc Studios,George Soto
Morgan-Sellers Studios,Ashley Proctor
Acosta Group Labs,James Vargas
Chen-Mitchell Labs,Kimberly Savage
Owen-Pacheco Network,Terri Lee
Rangel Ltd Network,Rebecca Parker
Phillips PLC Labs,Michele Sanchez
Chavez-Lee Hub,Melissa Smith
Mccoy Group Hub,Chase Garrett
Strickland-Mata Network,Roberta Gonzalez
Woods and Sons Hub,Michael Gould
Delgado-Daniel Hub,Stephanie Deleon
Walker Ltd Hub,Amy Church
"Blanchard, Horton and Grant Studios",Jennifer Griffin
"Anderson, Perez and Martin Labs",Denise Bush
"Bradley, Gonzalez and Fritz Labs",Hector Gomez
"Nunez, Jones and Fox Labs",Christian Graves
Goodwin Ltd Hub,Ashley Martin
Hernandez-Brown Network,Elizabeth Boyd
Dixon-Snow Network,Paul Patterson
Ramos PLC Hub,James Lopez
Ayala-Ortiz Labs,Karen Duke
"Schultz, Turner and Harrison Labs",Eric George
Castro Group Labs,Amy Williams
Ellison Inc Studios,Brandon Burke
Moran PLC Studios,Michelle Kelly
Burke-Garcia Labs,Nicholas Stanley
Lee-Collins Studios,Randy Miller
"Hampton, Franklin and Moody Network",Eric Burch
Smith-Jackson Labs,Natasha Flores
Baldwin-Martin Studios,Michael Simon
Brown-Marshall Labs,Larry Scott
"Allen, Stephens and Acosta Hub",Dr. Shawn Campbell DDS
Parrish-Norton Studios,Leslie Hawkins
"Walker, Koch and Tapia Network",Debra Dawson
"Garcia, Smith and Fleming Network",Erik Wells
West and Sons Hub,Emily Estes
Mclean-Nixon Labs,Jamie Richmond
Morgan-Garrett Studios,Desiree Adams
"Perez, Goodman and Thompson Labs",Brandon Hurley
Page-Fitzgerald Labs,Henry Mckinney
Davis Ltd Studios,Holly George
"Wells, Cruz and Frost Hub",Jonathan Delacruz
Mitchell Ltd Studios,William Warren
"Hanna, Morales and Boone Network",Richard Bennett
Keith-Dickerson Network,Jason White
"Smith, Sanchez and Compton Network",Benjamin Hill
Houston-West Labs,Maria Valdez
Chambers Inc Studios,David Lewis
Day and Sons Labs,Stephen Hubbard
Diaz-Owens Network,David White
"Costa, Brown and Freeman Hub",Amy Young
Roman Ltd Hub,Kristen Yang
"Wood, Shaw and Haas Hub",Keith Hart
Phillips Inc Hub,Jacqueline Walsh
Howell-Gutierrez Studios,Mark Castro
Caldwell Inc Studios,Zachary Palmer
Valenzuela-Richardson Labs,Christina Gray
Jensen PLC Network,Bryan Davis
Petty LLC Network,John Walter
Hardy-Choi Network,Melissa Rodriguez
Barnett-Hobbs Hub,Carrie Jones
"Blevins, Gonzales and Newton Network",Rachael Perez
Flores and Sons Hub,Jacob Scott
"Harris, Franklin and Edwards Hub",Dominique Williams
Davis-Lewis Hub,Tara Parks
Brown LLC Network,Monique Kim
"Dean, Curtis and Nguyen Hub",Jacqueline Nelson
Townsend PLC Network,Christy Simmons
Jordan-Combs Network,Veronica Green
Bell-Lee Hub,Molly Graves
"Thomas, Acevedo and Church Network",Nancy Wilkerson
"Thompson, Ruiz and Gordon Studios",Sarah Willis
"Russell, Buchanan and Choi Labs",Rhonda Torres
Green Ltd Network,Amber Patel
Brown Ltd Network,Stacy Christian
Stephens Inc Labs,Joseph Berger
Oliver Group Network,Andrew Morales
Silva and Sons Hub,Douglas Rice
Olson Group Network,Wesley Barry
Henderson-Lyons Labs,Jacob Solis
"Cuevas, Payne and Tucker Network",Gregory Johnson
Rogers-Ferguson Hub,Steven Carter
Wolfe and Sons Studios,Luis Rivera
Molina Ltd Hub,Tiffany Adams
Clay Group Network,Anna West
Carroll and Sons Studios,Kevin Skinner
"Jones, Palmer and Becker Network",Robyn Ross
Dudley LLC Network,Maria Wilson
"Santos, Reid and Cruz Studios",Jordan Duffy
"Scott, Clark and Webb Network",Matthew Griffin
"Lee, Freeman and Cole Network",Michael Brennan
Johnston PLC Network,Michael Mason
"Cook, Thomas and Young Studios",Colton Johnson
Spencer PLC Network,Kimberly Price
Mills-Robinson Studios,Jennifer Wagner
Rivas-Hines Network,Daniel Liu
Cruz Group Studios,Joel Ponce
Carter-Rowe Studios,Jacqueline Mccoy
Hood Inc Hub,Nancy White
Lawson PLC Hub,Denise James
Peck-Savage Labs,Karla Snyder
Beck-Mahoney Hub,Cathy Hall
Wade Group Labs,Mark Mckenzie
"Swanson, Finley and Torres Hub",Brian Nguyen
Williams LLC Network,Michael Lopez
"Jones, Stout and Perkins Hub",Bruce Daniels
Guerra Inc Labs,Deborah Lynch
Valdez-Medina Network,Matthew Abbott
Cruz-Spencer Network,Guy Best
Rivera-Huynh Studios,Olivia Medina
Fuller-Brown Hub,Michael Herrera
Sloan PLC Network,Angela Bender
Lewis-Long Studios,Amy Johnson
Gordon Group Studios,Samantha Taylor
Rodriguez Inc Hub,Rebecca Baldwin
"Roberts, Williams and Jones Network",Martin Levine
Ryan-Jimenez Hub,David Wilson
Duncan and Sons Hub,Daniel Navarro
"Davis, Williams and Carter Hub",David Sandoval
Combs Ltd Studios,Dana Hamilton
Baldwin-Smith Studios,Bradley Hawkins
"Fowler, Figueroa and Rivera Network",Jill Dyer
Lynch-Rice Labs,Charles Miller
Smith-Taylor Studios,Mark Perez
Lawrence LLC Studios,Jacqueline Gonzales
"Nelson, Archer and Ortiz Labs",Stephanie Shaffer
Mills-Duncan Hub,Linda Odom
Lloyd Ltd Network,David Woods
"Landry, Jenkins and Young Network",Anna Barnes
"Roberts, Dawson and Diaz Labs",Derek Wang
Whitaker-Bowman Studios,Joseph Cox
Singleton LLC Labs,Jessica Wilkins
Bowers and Sons Studios,Rebecca Wells
Richardson LLC Labs,Seth Cobb
"Foster, Carpenter and Walker Labs",Kristina Blackburn
Parker-Brady Studios,Brendan Oconnor
Fernandez-Jennings Labs,Natalie Morgan
Mcneil-Smith Studios,Anthony Baker
Olson-Dixon Studios,Samantha Morales
"Glenn, Cox and Schmidt Labs",Carl Melendez
"Kirby, White and Freeman Network",Kiara Torres
"Wilson, Jones and Lee Studios",Bruce Adams DVM
Hernandez-Wallace Labs,William Carr
Wade-Ballard Hub,Jennifer Reilly
Harris and Sons Labs,Martha Ross
"Kim, Arroyo and Ward Studios",Christina Schmidt
Rodriguez Group Studios,Carolyn Herring
Castillo Group Studios,Nicholas Carroll
"Holloway, Wagner and Ramirez Hub",Cindy Thompson
"Stevens, Anderson and Sanders Studios",Manuel Jimenez
Kennedy Ltd Hub,Paul Johnson
Stephenson Group Studios,Alicia Ho
"Brown, Church and Davis Studios",Ryan Hoffman
"Cantu, Walker and Jimenez Hub",Charles Kelly
Contreras PLC Hub,Scott Martin
Fowler-Contreras Hub,Brian Austin
Hamilton and Sons Studios,Ryan Johnson
"Walsh, Ward and Page Network",Crystal Armstrong
"Kelley, Garcia and Baker Hub",Scott Walters
"Weaver, Erickson and Young Hub",Michael Stanton
Rose Group Network,Megan Melendez
Hopkins-Green Studios,Sydney Johns
"Riddle, Graham and Robles Studios",Kevin Nelson
"Shepard, Conway and Davis Labs",Joshua Newman
"Gomez, Smith and Sims Studios",Jordan Cox
"Cooper, Velez and Hodge Network",Kathy Gonzales
"Charles, Campos and Ward Studios",Kevin Lambert
"Walker, Stanton and Hawkins Network",Zachary Montoya
Frank Group Hub,Teresa Mendoza
Roach-Palmer Hub,Clayton Mitchell
Wilkinson and Sons Network,Joan Bradford
Collins Ltd Network,Steven Mahoney
Cabrera Inc Hub,Dominique Martin
"Chang, Lang and Yates Network",Gregory Parker
Campbell-Webster Hub,Michelle Salazar DDS
"Jackson, Lopez and Richards Labs",Mark Cooper
Mcdonald-Bell Studios,Brandon Reyes
"Silva, Alvarez and Moore Hub",Eric Garrison
Dennis-Burke Network,Laurie Fisher
Mcmillan-Calderon Hub,Frank Williams
"Noble, Smith and Reynolds Network",Amy Whitaker
Campbell Group Studios,Jill Carlson
Moore-Ryan Network,Jose Maynard
"Herring, Watson and Walker Hub",Michael Jennings
"Hunter, Hawkins and Hart Studios",Michael Holder
"Thornton, Jones and Zimmerman Hub",Crystal Lopez
Watson-Johnson Labs,Sharon Burnett
Parker-Ray Network,Joseph Randolph
"Williams, Hernandez and Berry Labs",Darren Gray
"Bird, Lopez and Lee Labs",Denise Wilson
Cooper-Oconnor Labs,Alexander Klein
Dyer-Kim Labs,Melinda Davis
"Jackson, Fisher and Osborne Hub",Susan Becker
Miranda Inc Network,Peter Gomez
Smith Group Network,James Miller
Brandt Group Studios,Stephen Edwards
"Marshall, Phillips and Moore Network",Kevin Jones
Davidson Inc Labs,Monica Wall
"Gilbert, Kerr and Davis Network",Dr. Dana King
"Ochoa, Turner and Rogers Hub",Allen Hall
"Curry, Burgess and Stuart Labs",Mr. Justin Todd
Weaver-Ruiz Labs,Kelly Henderson
Stanton-Brock Labs,Michael Davis
Howard LLC Labs,Jason West
"Lamb, Quinn and Williams Hub",Mario Avery
West-Hogan Hub,Mr. Carl Baker
"Patterson, Reed and Flowers Hub",Christine Dominguez
"Mclaughlin, Taylor and Sweeney Hub",James Douglas
"Jacobs, Scott and Weaver Studios",Dawn Brown
"Ramirez, Yu and Hanson Network",Brianna Young
Maldonado LLC Studios,Elizabeth Flores
Martin-Parker Labs,William Cooper
"Lee, Clark and Bishop Labs",Ariana Dean
Ferguson Group Network,Beverly Johnson
Howard-Patel Hub,Juan Perez
Banks LLC Hub,Scott Jones
Bell-Patel Network,Brittany Gallagher
"Nelson, Duarte and Davis Network",Luis West
"Johnson, Gonzalez and Kelley Studios",Elaine Chavez
"Johnson, Lam and Richardson Labs",Christopher Hansen
Jones-Hudson Labs,Alicia Jones
Mclaughlin-Cruz Network,James Adams
Sanchez and Sons Network,Timothy Nash
Wells-Schaefer Network,Thomas Krause
"Hayes, Stafford and Taylor Network",Terry Jordan
Berry-Haynes Hub,Tammy Rasmussen
"Murphy, Wilson and Allison Network",Susan Ramsey
Cummings-Smith Hub,Travis Gordon
Marshall PLC Hub,Richard Hayes
Parrish-Smith Network,John Adams
"Wood, Walker and Silva Hub",Janet Phillips
"Larsen, Herrera and Murray Labs",Richard Wilson
"Campos, Logan and Fitzgerald Labs",Mary Martinez
"Chavez, Kelly and Rodriguez Hub",Rachel Watkins
Cunningham Group Studios,Chad Wallace
Pacheco and Sons Hub,Taylor Mora
Vaughn and Sons Hub,Kyle Gallegos
"Smith, Davis and Hammond Studios",Sarah Jordan
"Watson, Fox and Tucker Hub",Jonathan Blair
Turner and Sons Network,Beth Collins
Small-Willis Studios,Shane Price
Mccarthy LLC Labs,Michael Armstrong
Barrett-Sanchez Network,Joan Harper
Stevens-Young Studios,Kevin Gillespie
Thomas Ltd Labs,David Wallace
Dunn Ltd Hub,Christine Werner
Warren-Melton Hub,Sydney Moore
"Lee, Lee and Ramos Hub",Regina Rodriguez MD
Clay-Charles Studios,Vanessa Johnston
Mccoy PLC Labs,Carl Craig
"Wood, Cook and Smith Hub",Christopher Freeman
Williamson Inc Labs,Lisa Williams
Maxwell-Andrade Labs,Paula Bailey
Huerta-Ramsey Network,Jacob Johnson
Smith Inc Labs,Spencer Alexander
Perry PLC Studios,Michael Smith
Lewis-Bailey Labs,Kayla Bailey
Bell-Salazar Studios,Mr. Thomas Nixon
West Ltd Network,Greg Hall
Patterson LLC Network,Ethan Griffin
Thompson-Price Network,Albert Franco
Moon PLC Labs,Melissa White
Carter-Campbell Studios,Erica Campbell
Savage Group Network,Jeremy Lee
Taylor Ltd Hub,Patricia Hamilton
Richards-Delgado Labs,Joseph Griffin
Santiago and Sons Labs,Kurt Mullen
Freeman LLC Network,Beth Johnson
"Morris, White and Adams Hub",James Martinez
"Gill, Flores and Martinez Hub",Dr. Daniel Lynch
"Howell, Roberson and Torres Hub",Spencer Ward
"Moore, Roman and Haynes Network",Marcus Davidson
Boyd-Ingram Hub,Alex Bennett
Mcknight Ltd Labs,Scott Lyons
"Moore, Bowen and Hill Labs",David Marshall
Rodriguez LLC Studios,David Avery
Johnson-Robbins Labs,Antonio Hall
"Hernandez, Jordan and Davenport Studios",Matthew Johnson
"Shannon, Vaughn and Cole Studios",Joseph Brown
Jones-Compton Studios,Donna Hall
"Zavala, Glenn and Turner Hub",Nicholas Chavez
Gregory LLC Labs,Christian Barrera
"Henderson, Chavez and Barton Network",Dana Kelly
Esparza-Thompson Labs,Melissa Garcia
Hale-Simmons Network,Matthew Johnson
Rios LLC Studios,Jason Obrien
Henry LLC Network,Deborah Coleman
Miller-Thomas Hub,Collin Rojas
"York, Cohen and Roberts Network",Mrs. Jessica Castillo
Schmitt-Bauer Network,Allison Griffin
Brown-Duncan Studios,Tyler Parker
Sanchez Ltd Network,Darius Baker
"Richmond, Mullins and Ray Labs",Nicole Gibson
Lewis-Powell Hub,David Castillo
Frederick LLC Studios,Sara Foster
Cox-Hart Hub,Willie Stein
"James, Strong and Ferrell Labs",Jennifer Johnson
Robinson-Cooper Labs,Steve Decker
"Simmons, Rhodes and Wise Studios",Stephanie Morton
"Whitaker, Gonzales and Reeves Labs",John Hanson
Howell LLC Labs,Nicole Palmer
"Manning, Leach and Rowe Studios",Troy Becker
Bond PLC Network,John Brown
Miller PLC Network,Madison Macias
Hernandez LLC Studios,Meghan Lambert
Davis Ltd Labs,Brenda Phillips
Wright-Adams Studios,Natalie Tran
"Gould, Merritt and White Labs",Thomas Edwards
"Webb, Robbins and Sanchez Studios",Angela Sanders
Reeves-Rodriguez Network,Michele Perkins
Smith-Roberts Hub,David Jones
Ballard and Sons Labs,Gerald Thomas
Briggs Ltd Labs,Donald Baker
Pearson-Heath Labs,Nicholas Barrett
Wu Inc Labs,Frank Martinez
Jackson Group Studios,Brian Bass
"Williams, Anderson and Acosta Hub",Lauren Duarte
"Woods, Coleman and Moore Studios",Justin Juarez
Wright LLC Studios,Dylan Wells
Vargas LLC Hub,James Rhodes
Williams Inc Labs,Jose Dennis
Gregory-Hall Network,Robert Garrett
Saunders-Gibbs Labs,Jason Hart
Jenkins-Molina Labs,Ryan Weber
Hawkins-Austin Network,Kelly Kirk
"Jordan, Guzman and Parks Labs",Mark Montes
"Johnston, Moreno and Pratt Labs",Arthur Glass
Norton Inc Studios,Eric Sullivan
Spencer-Savage Studios,Mckenzie Ramirez
"White, Hall and Fernandez Studios",Samuel Bright
Wood Ltd Network,Travis Gonzalez
"Jones, Thomas and Morris Labs",Christine Thomas
Kim and Sons Network,Terri Hayden
Brown LLC Hub,Amber Murray
"Mayo, Baldwin and Bowen Studios",Tiffany Brown
Rivas LLC Network,Mrs. Alyssa Ochoa
Scott Inc Hub,Daniel Lewis
White PLC Studios,Denise Burton
Yates Inc Labs,Ann French
"Olson, Carter and Chandler Studios",Kaitlyn Wyatt
"Hill, Riley and Lopez Network",Samantha Miller
Roberts and Sons Labs,David Martinez
"Smith, Barnett and Vargas Network",Tamara Murphy
Jacobs PLC Hub,Austin Scott
"Smith, Adkins and Tran Labs",Jacob Ortiz
Sherman PLC Hub,Carolyn Gates
"Scott, Clark and Livingston Studios",Lance Henson
Simpson-Vargas Network,Erin Harris
"Farrell, Patterson and Moore Network",Mr. Kenneth Smith
Sharp Ltd Network,Kimberly Foster
"Chapman, Mejia and Turner Network",Gregory Wilson
Thomas-Taylor Studios,Mr. Matthew Wood DDS
Roberts and Sons Network,Robert Flores
"Vargas, Meyer and Rojas Labs",Ashley Warren
"Crawford, Sutton and Martinez Studios",Aaron Tran
Peterson and Sons Hub,Jorge Vargas
Guerra Ltd Labs,James Miller
"Lam, Bryant and Hill Labs",Ms. Catherine Hayes
Paul-Moran Labs,Jack Sutton
Porter-Martinez Studios,Julie Webster
Gibson PLC Labs,Nancy Robinson
Cline PLC Network,Jennifer Alvarez
Henry PLC Network,Cynthia Boone
"Johnson, Clark and Hanson Studios",Joe Mayer
Taylor and Sons Labs,Dr. John House
"Humphrey, Smith and Waters Studios",Melinda Orozco
Cruz LLC Labs,Stephanie Cox
Williams-Russo Network,Brian Davis
"Rodriguez, Ramos and Andrews Labs",Eric Cole
Clark LLC Labs,Matthew Spencer
Jackson Ltd Network,Michael West
Abbott and Sons Network,Brian Rowe III
Fox-Lawrence Hub,Michelle Hernandez
Cruz-Anderson Hub,Tracy Braun
"Robinson, Weiss and Luna Studios",Jason Baldwin
Patel-Sullivan Studios,Linda Wall
Rodriguez Ltd Studios,Carl Jones
Sanchez-Lindsey Network,Cassandra Thompson
Riley-Moore Studios,Robert Martin
"Beck, Garcia and Smith Studios",Caroline Duncan
"Cuevas, Parks and Caldwell Studios",Derek Webb
Smith-Roy Labs,Matthew Pitts
Bailey-Anderson Network,Francisco Rogers
Stanley Inc Network,Douglas Martin
"Perry, Medina and Gordon Studios",Rose Lewis
"Porter, Gonzalez and Benson Labs",Michael Horne
Watkins and Sons Studios,Curtis Johnson
Weeks-Hays Hub,Haley Harding
"Jacobson, Nguyen and Proctor Studios",Lauren Reyes
Holland-Drake Studios,Craig Savage
Gray Ltd Studios,Richard Hall
Estes and Sons Labs,Jonathan French
Morales-Sullivan Studios,Tammy Conner
Berry-Davila Network,Brian Murray
Stone-Jackson Network,Jesse Gutierrez
"Bond, Cole and Leon Network",Jasmine Johnson
White-Lopez Studios,Michele Jacobs
Davenport LLC Studios,John Porter
Clark LLC Network,Linda Benson
Griffith PLC Studios,Kylie Mason
"Martin, Johnson and Alvarez Labs",Stephen Johnson
Delgado-Sanchez Studios,Donna Brown
Huerta-Martin Network,Michelle Garcia
Miller-Perry Labs,Paul Kennedy
"Barrett, Daniel and Robertson Labs",Sharon Smith
"Elliott, Hall and Porter Studios",Brian Thompson
Turner and Sons Hub,Jessica Nelson
"Davidson, Floyd and Murray Labs",Jonathan Lee
Brown and Sons Network,Carol Underwood
Bray-Case Hub,Alexis Lutz
Stewart-Cole Hub,Karen Hanna
"Ford, Banks and Beck Studios",Sherri Warner
Gonzalez PLC Studios,Theresa Carter
Wiley-Taylor Network,Richard Mcconnell
"Jones, Carney and Sanchez Hub",William Greene
"Bowen, Taylor and Campbell Hub",Jeffrey Jones
Berry Ltd Studios,Jennifer Walker
Ferguson Inc Labs,Debbie Perry
Arnold-Hernandez Labs,Elizabeth Stephenson
Kaufman and Sons Network,Rebecca Caldwell
Garcia-Moreno Hub,Christine Newman
Henderson LLC Network,Christopher Mckinney
Graham LLC Hub,Darius Mack
Thompson-Petersen Hub,Victor Carter
Knight-Murphy Labs,Ashley Garcia
Rush-Garcia Studios,Alicia Figueroa
"Garrison, Mitchell and Miller Network",Colleen Mathews
"Mcintyre, Mitchell and Evans Hub",Andre Howard
Smith-French Hub,Sarah Cortez
"Miller, Hopkins and Sherman Hub",Nicolas Taylor
Green and Sons Network,Kenneth Gonzalez
Higgins-Rice Network,Colleen Alexander MD
Johnson Ltd Studios,Danielle Abbott
Archer-Dyer Hub,Peter Gomez
Mckenzie Ltd Network,Patricia Waller
Cooper-Elliott Labs,Nicholas Santos
"Medina, Kramer and Martinez Network",Lori Blevins
Robinson Ltd Network,Sarah Marks
"Moore, Hicks and Jones Network",Sandra Wood
Ponce-Armstrong Network,Jackie Mann
Cantu-Carter Studios,John Moore
Smith Group Network,Brian Shields
Johnson-Johnson Hub,Karen Peterson
Ramirez-Singleton Labs,Mrs. Mary Hardy
"Gomez, Turner and Allen Hub",April Parker
Welch PLC Network,Harry Alexander DDS
"Ortega, Harper and Reid Studios",Kelly Cline
"Richards, Burke and Gilmore Network",Rebecca Dalton
Holloway LLC Hub,Marvin Lewis
Greene-Mendez Labs,Jim Moore
Vaughn-Padilla Hub,Cody Massey
"Salazar, Roberts and Garza Hub",Yvonne Flores
Pollard Group Studios,Timothy Hunter
Gibson Ltd Studios,Dennis Maddox
Bernard Inc Hub,Michael Moore
Harris-Henry Studios,Michael Arnold
Adams and Sons Studios,Christopher Carter
Wilson Inc Studios,Carolyn Lin
Barrett-Smith Studios,Joshua Jones
King Group Network,Kathleen Brown
Garrett-Robinson Studios,Mr. Justin Morgan
Parker LLC Studios,Michael Parker
"Warren, Ball and Smith Studios",Jesse Doyle
Lambert LLC Hub,Barbara Taylor
Morgan-Collins Studios,Richard Contreras
Taylor-Moses Hub,Lindsey Reyes
Moore Group Labs,Elizabeth Burns
Perry Group Network,Grace Williams
Mcclure and Sons Hub,Daniel Morrison
Johnson-Butler Hub,Sierra Gonzalez
Lewis-Alvarez Labs,Aaron Davis
"Chavez, Wood and Davis Hub",Kathleen Newton
Hunter Inc Studios,Amanda Washington
"Black, Campbell and White Network",Christopher Grant
Dalton Ltd Studios,Carrie Wiley
Brown PLC Network,Victoria Davis
Morton-Drake Labs,Katie Perez DVM
Chase-Brown Hub,Paul Mckee
Anderson Ltd Studios,Jordan Tapia
Clayton-Murphy Labs,Denise Villa
Williams Ltd Studios,Emily Wade
"Reynolds, Thomas and Gray Network",Teresa Wagner
Cardenas PLC Labs,Franklin Padilla
"Gardner, Shah and Henson Studios",Pamela Hernandez
Coleman-Jimenez Network,Mr. Jacob Hodges
Roberts-Allen Hub,Mandy Brown
Wood-Copeland Studios,Michael Lopez
"Livingston, Holloway and Schneider Network",Danielle Kelley
"Andersen, Skinner and Myers Studios",Jason Sloan
Rodriguez PLC Network,Michael Ryan
Aguirre-Hanna Labs,Christopher Graves
"Martinez, Moore and Petersen Hub",Caitlin Stephens
Charles Group Studios,Greg Day
Williams-Stanton Network,Barbara Robles
"Reeves, Nelson and Stewart Labs",Reginald White
"Horn, Murray and Ortiz Network",Justin Cameron DDS
"Maynard, Kline and Pittman Studios",Erica Sloan
"Sellers, Rogers and Armstrong Network",Nathaniel Floyd
"Daniels, Flynn and Clark Labs",Jessica Daniel
Nelson Inc Hub,Samantha Reid
"Flores, Phillips and Lee Hub",Cynthia Ramirez
Hancock Inc Studios,Rachel Sparks
"Hall, Johnson and Jackson Network",Zachary Davis
"Lowe, Powell and Adams Studios",Katherine Alvarado
Holland Group Studios,Chelsey Lambert
"Craig, Brown and Henderson Labs",Jaclyn Brown
Hicks-Oneal Studios,Ricky Guzman
"Lewis, Acosta and Lane Labs",Elizabeth Barnett
"Combs, Wagner and Swanson Network",Anita Miller
"Valentine, Williamson and Bryant Network",Daniel Cannon
Robertson-Schwartz Network,Priscilla Nunez
"Barber, Shaffer and Myers Network",Sarah Taylor
Alvarado-King Labs,Aaron Pierce
Stone PLC Hub,Kenneth Garcia
Smith-Shaw Network,Dennis Calderon
Willis Ltd Labs,Bobby Hill
Payne LLC Hub,Douglas Mcintyre
Perez Ltd Network,Angela Underwood
Mueller-Garcia Hub,Brittney Johnson
Baker Ltd Labs,Megan Ortiz
"Salazar, Welch and Jones Studios",Mr. Calvin Parsons
Olson-Jackson Studios,Angel Wright
"Lawrence, Chavez and Gardner Network",Joseph Warren
Warren-Smith Studios,Kevin Walters
White-Hogan Network,Phillip Patel
Sampson-Cochran Hub,Amber Brown
Sanchez-Flores Network,Ian Jackson
Wall Group Network,Angela Hunter
"Singleton, Collins and Benson Hub",Mrs. Nicole Brooks
Robertson Inc Network,Angela Jenkins
Harrison Inc Hub,Robert Barnes
Lawrence-Atkinson Network,Raymond Davis
Barrett Group Hub,Jennifer Schmidt
Eaton-Harvey Hub,Charles Williams DDS
Edwards Group Hub,Katie Davis
Burton Group Labs,Katherine Harris
Cobb-Clarke Studios,Jeffrey Lee
Garrett Inc Labs,Kimberly Rodriguez
Cox-Cox Network,Carolyn Davis
"Sloan, Mcknight and Rodriguez Labs",Christopher Burns
"Colon, Williams and Nunez Studios",Troy Townsend
Woodard PLC Labs,Trevor Thomas
"Taylor, Evans and Dudley Labs",Johnny Cross
"Cook, James and Sandoval Labs",Stephen Guerra
Smith-Austin Network,Mark Tucker
"Craig, Green and Rivera Labs",Jennifer Braun
"Myers, Campbell and Castillo Network",Elizabeth Wilson
"Thomas, Wilson and Clark Hub",Edgar Schneider
Malone Group Labs,Pamela Payne
"Riley, Reed and Ward Hub",David Singleton
Cohen Group Hub,Laura Gibson
Ferguson PLC Studios,Albert Mcbride
Thompson Inc Labs,Joseph Hutchinson
"Rivera, Wood and Bishop Studios",Lisa Patel
"Hall, Yang and Reyes Network",Zachary Shelton
Powell-Stanton Network,Allison Hubbard
Vargas LLC Network,Abigail Thompson
Garcia Ltd Hub,Brandon Ruiz
Morgan Inc Labs,Christopher Long
Wright-Jackson Studios,Donald Williams
Bright-Ramos Network,John Baldwin
Williams-Pearson Studios,Tricia Cisneros
"Mitchell, Deleon and Ross Hub",Pamela Morgan
Montes LLC Hub,Jeffrey Sanchez
Barrett Inc Network,Karen Walker
"Smith, White and Murphy Hub",Christopher Robinson
Dodson Group Hub,Joseph Watts
Bennett-Shepherd Labs,Candice Jones
Clarke PLC Studios,Curtis Gallagher
"Colon, Brooks and Gray Studios",William Parks
Allen-Werner Network,Gerald Alexander
"Cabrera, Nichols and Casey Studios",Amy Mitchell
Watson Inc Hub,Angel Montgomery
"Li, Sanchez and Mcpherson Studios",Danielle Hamilton
"Brock, King and Faulkner Labs",Angel Adams
Scott PLC Network,Kayla Evans
Shepard-Blake Network,Ryan Powell
Marsh Inc Studios,Brad Joseph
"Wilcox, Mathis and Oconnell Labs",Denise Burnett
Hooper Ltd Studios,Sharon Knox
"Smith, Singh and Lambert Hub",Maria Mclean
Gardner-Jackson Studios,Rebecca Davis
Guerra-Glenn Hub,Jason Winters
Miller Group Labs,Carol Preston
"Rhodes, English and Becker Labs",Tammy Russell
Lowe LLC Studios,Christopher Harmon DDS
"Hunt, Williams and Anderson Studios",Jessica Stanley
Robles LLC Network,Jennifer Simon
"Rodriguez, Kelly and Morton Hub",Richard Smith
Carter-Sampson Network,Felicia Ruiz
Owen and Sons Network,Cynthia Benson
Morse-Banks Labs,Timothy Myers
Morse and Sons Labs,Robert Moore
Kaufman-Ortiz Hub,Brandon Hobbs
Walters Ltd Hub,Nicolas Kennedy
"Singleton, Villegas and Baker Hub",Bobby Taylor
Brown-Lopez Labs,Courtney Cherry
Pena LLC Network,Ashley Anderson
Norton-Stephens Network,Matthew Brown
"Bell, Jennings and Blake Labs",Antonio Johnson
Shaw-Pierce Studios,Calvin Lopez
Davis and Sons Studios,Justin Moore
Kennedy-Garcia Labs,Anne Adams
Petersen-Smith Hub,Steven Tran
"Myers, Jordan and Walters Network",Dennis Ross
Whitaker-Sullivan Labs,Julie Berry
Rogers Group Network,Lisa Johnson
Shaw PLC Studios,Matthew Guzman
"Little, Moore and Nelson Labs",David Russell
"Perez, Kelly and Lee Network",Laura Knight
"Barnes, Lopez and Bass Network",Chad Shields
"Obrien, Joyce and Walker Labs",Adriana Barnett
Contreras PLC Studios,Ricky Werner
Watson-Martin Network,Daniel Harris
Newman-Davis Labs,Andrea Padilla
Sanchez LLC Hub,Renee Huff
Carrillo-Brown Labs,Jason Bryant
Smith Group Labs,Susan Perez
Robertson and Sons Studios,Lisa Gomez
Hernandez Ltd Hub,Yvonne Sullivan
"Williams, Hahn and Vega Studios",Alfred Mayer
Henderson-Hudson Network,Jillian Gray
Martinez Inc Studios,Jasmine Rubio
Shaw Inc Hub,Trevor Jenkins
Fox Group Hub,Joseph Phillips
"Hernandez, Knapp and Hunter Network",David Williams
Miller-Pope Labs,Tara Charles
"Jones, Molina and Hansen Hub",Robert Sosa
Moore-Cortez Labs,Marcus Olson
Adkins-Price Hub,Darryl Ortiz
"Castillo, Davis and Jones Network",Michael Whitehead
Thomas-Johnson Labs,Amanda Cunningham
Baxter PLC Studios,Darlene Gilmore
Mitchell-Farmer Network,Kayla Adams
Boone LLC Labs,Julian Perez
Smith Inc Hub,Denise Love
Russell and Sons Hub,Shannon Peters
"Gibson, Thompson and Garcia Hub",Joseph Rogers
"Adams, Dean and Brown Studios",Luis Huynh
Morales-Lopez Labs,Michael Wheeler
"Perez, Owens and Pugh Network",Amber Ortiz
Compton PLC Studios,Jessica Gomez
"Clark, Jones and Martin Network",Deanna Harper
Owens Ltd Studios,Ashley Stone
"Leonard, Robertson and Walker Studios",Micheal Gonzalez
Mendez PLC Network,Stacy Dunn
"Garrison, Walker and Smith Network",Jeffrey Rush
"Willis, Mack and Graham Studios",Jaime Choi
Hoover-Benson Studios,Brandi Brown
Lynn and Sons Hub,Rachel Ruiz
Smith Group Network,Andrew Price
Diaz-Allen Hub,Anthony Parks
Stevenson Inc Network,Emily Guzman
"Richardson, White and Wallace Network",Jennifer Wells
Lucas-Peterson Labs,Nancy Clark
Hopkins and Sons Studios,Kenneth Adams
Moore-Watts Network,Matthew Cook
Lopez PLC Hub,Bryan Edwards
Beck-Lee Hub,Keith Wright
Grant-Ford Hub,Amy Wright
"Davis, Schmidt and Sanders Studios",Andrew Haney
Hill-Ball Network,Daniel Joyce
Tran-Perez Labs,Grant Poole
Jones and Sons Labs,Nancy Duran
Gardner Ltd Network,Ryan Bradley
Horton-Foley Labs,Steven Ayala
"Moran, Miller and Cordova Network",Michelle Wright
"Sweeney, Gates and Bentley Network",Emma Ramirez DDS
Cooper and Sons Network,Richard Schmidt
"Clarke, Hughes and Singh Labs",Robert Johnson
Myers-Medina Studios,Karen Watson
Kennedy and Sons Hub,Timothy Smith
Vargas-Orozco Hub,Jeffrey Powers
"Poole, Morales and Gordon Labs",Benjamin Mayer
Fox LLC Labs,Daniel Gaines
"Newman, Robinson and Benson Labs",Brianna Hines
Howard PLC Studios,Jennifer Atkins
"Hardy, Short and Brown Labs",Peggy Anderson
"Wise, Young and Molina Studios",Julia Johnson
Anderson-Martin Hub,Ashley Henderson
Charles Ltd Network,James Morgan
White-Mendoza Studios,Margaret Fischer
Hamilton PLC Hub,Brian Flores
Coffey PLC Network,Kathleen Rivera
"Reese, Evans and Moore Network",Joshua Thomas
Rangel-Miranda Hub,Renee Conner
Ponce-Olson Network,Danielle Burns
Welch Inc Labs,David Gardner
"Sellers, Andrews and Johnson Labs",Anthony Santana
"Farley, Sandoval and Peck Labs",Dr. Eric Smith PhD
Medina and Sons Labs,Joseph Vargas
Brown-Olson Hub,Kaitlyn Holland
Mccullough Inc Hub,Randy Oconnor
"Baker, Woodward and Davenport Labs",James Bean
Watson-Ramirez Studios,David Black
Miller-Vasquez Hub,Tamara Kennedy
Mendoza-Warner Studios,Amy Vasquez
Vaughn-Cunningham Studios,Dr. Aaron Ortega
"Young, Carlson and Johnson Network",Alison Smith
"Hughes, Hansen and Ramsey Labs",Susan Rasmussen
"Johnson, Alexander and Fuller Labs",Douglas Jackson
Munoz-Peters Labs,John Jones
"Johnson, Christensen and Anderson Labs",Andrew Vincent
"Cole, Sanders and Maldonado Studios",Nicholas White
Harmon-Anderson Labs,Donald Bowman
Davis-Moore Network,Barry Kennedy
Stevens LLC Labs,Michael Curtis
"Brooks, Martin and Moore Labs",David Ballard
Serrano-Kirk Network,Patricia Taylor
Parks-Jones Labs,Rebecca Lane
Fields-Parker Hub,Jimmy Becker
Lopez LLC Network,Amy Meyers
Dunn-James Network,Mary Scott
Griffin-Anderson Studios,Alan Thomas
Ibarra-Garcia Hub,Molly Owens
Pittman-Thomas Network,Julie Moses
"Smith, Velez and Myers Network",James Harper
"Myers, Livingston and Luna Network",Nicholas White
Martinez Group Studios,Anthony Mcknight
Cole-Campos Hub,Stacey Bailey
Gonzalez-Harris Studios,Brian Campbell
Zimmerman PLC Studios,Rebecca Rosales
Parker LLC Network,Tracy Cordova
"Little, Garrison and Garcia Hub",Kristin Bailey
Larson and Sons Labs,Nathan Black
Henderson-Johnson Hub,John Wood
Hansen-York Network,Caitlin Trujillo
"Newman, Frazier and Alvarez Labs",Wesley Acosta
Kerr Ltd Studios,Cody Turner
Peters-Mueller Labs,Daniel Macdonald
"Miles, Russell and Brock Hub",Sean Smith
Lopez-Franklin Hub,Adam Caldwell
Morgan-Jones Hub,Nathan Whitney
"Ortiz, Webb and Horton Network",Lori Jackson
Griffin-Lawrence Studios,Daniel Kirk
"Simon, Peterson and Bullock Network",Jon Turner
Maxwell and Sons Hub,Justin Holland
Jimenez-Williams Network,Michael Choi
"Rivera, Arnold and Collins Studios",Edward Lee
Pierce-Guzman Labs,Joshua Tran
Cox-Johnson Labs,Dwayne Rodgers
Jefferson Group Studios,Crystal Hall
Jones-Flynn Studios,Tamara Mathis
Johnson-Schwartz Network,Christopher Thomas
Gomez Group Hub,Kenneth Davis MD
Moore Group Labs,Brianna King
"Johnson, Fischer and Weaver Hub",Bradley Mcfarland
"Miller, Mayer and Booth Hub",Brittany Wong
Bell-Ramirez Hub,Shelley Smith
Larson-Gonzalez Hub,Joshua Gomez
Jordan-Garrison Labs,Laurie Adams
Meyers-Dawson Hub,Joanna Dean
"Bradford, Phillips and Williams Network",Alex Johnson
Payne PLC Network,Brooke Le
"Smith, Klein and Jones Studios",Christine Park
Myers Ltd Studios,Yvette Clay
Hebert Group Network,Julia Kelley
Mccann-Castro Network,Gloria Pennington
Dixon PLC Hub,Edward Clarke
"Marshall, Casey and Foster Studios",Eric Mcdonald
"Walker, Mcdonald and Meza Labs",Edward Gonzalez
Obrien Inc Hub,Dennis Bowers
Booker and Sons Labs,Andrew Fernandez
Smith LLC Network,Adam Glenn
Torres-Flynn Network,Christine Crawford
Alexander-Nguyen Labs,Toni Reyes
Bowen-Morgan Studios,Anthony Berry
Hall-Trevino Hub,Sean Pearson
"Bowman, Wright and Huff Hub",Todd Barber
Page LLC Studios,Jeffrey Bailey
Jones-Powell Labs,Keith Forbes
Fields PLC Network,Wesley Hernandez
Martinez-Nichols Studios,Anthony Melton
"Carson, Crawford and Prince Studios",John Figueroa
Quinn LLC Hub,Robert Morrison
"Clark, Gaines and Ray Studios",David Newman
Vargas-Thomas Network,Susan Johnson
Taylor-Joseph Studios,Miguel Cunningham
Robbins Ltd Labs,Brandon Morton
"Jennings, Davis and Perry Studios",Donna Fields
Curry-White Hub,Paul Burns
Lopez PLC Labs,Catherine Blackburn
Kennedy-Dyer Network,Mrs. Angela Weber
Hammond Inc Labs,Jimmy Daugherty
Wood LLC Studios,Leslie Clark
Moore-Benjamin Network,Luis Jones
"Jackson, Landry and Gibson Hub",Bryan Bates
"Raymond, Gomez and Ward Studios",Leslie Lee
Aguirre Ltd Hub,Gene Bush
Allen PLC Network,Bobby Neal
Bradshaw Inc Labs,Melissa Weeks
Thompson PLC Labs,Joseph Cole
Novak-Chen Hub,Catherine Alexander
Guerra-Padilla Network,Michelle Brooks
Wilkins LLC Hub,Jerry Steele
Mercer-Scott Hub,Timothy Wright
Garcia-Brown Studios,Michael Nguyen
Burns Ltd Labs,Caleb Stewart
"Griffith, George and Miller Network",Katherine Lloyd
Martinez Group Network,Randall Moreno
Allison-Acosta Labs,Suzanne Hernandez
"Shah, Cardenas and Roberts Studios",Samuel Rivers
"Robertson, Miller and Stone Network",Brandi Burnett
"Griffin, Soto and Kelly Network",Teresa Perez
"Myers, Lewis and Lewis Hub",Joseph Miller
Kim and Sons Labs,Krista Bell
"Lee, Smith and Randall Network",Richard Murphy
Gould-Harrison Hub,Sandy Bolton
"Small, Long and Pope Studios",Victoria Soto
Bishop-Hoffman Network,Joshua Larson
Parker PLC Studios,Nicholas Chan
Mccarthy LLC Studios,Nicholas Roman
"Lopez, Smith and Dawson Studios",Nicolas Lloyd
"Bell, Horne and Mooney Network",Mary Morris
Williamson-Spencer Studios,Keith Ferguson
Ortiz Ltd Network,Jasmine Howard
Brewer-Rose Studios,Melanie Sullivan
Miller-Wells Hub,Ryan Simmons
Lee-Kelley Studios,Aaron Ortiz
"Figueroa, Walker and Morgan Network",Robert Hall
"Bell, Marshall and Gutierrez Hub",Julia Ball
Davis Ltd Hub,Barbara Jackson
Shaw-Johnson Hub,Brandy Cameron
Ballard-King Labs,Timothy Johnson
Sanchez-Dixon Hub,Pamela Stephens
"Mercado, Miller and Owens Network",Ryan Williams
Murphy-Young Network,Parker Robinson
Meza-Martin Studios,William Carey
Brown-Dunlap Network,Anna Valenzuela
Smith-Walker Network,Sandra Gregory
"Miles, Chandler and Franklin Hub",David Hobbs
Williams and Sons Labs,Rebecca Matthews
"Macdonald, Wood and Rodriguez Network",Michael Delgado
"Moon, Miller and Robinson Labs",Tony Church
Zimmerman-Adkins Network,Jessica Willis
Arellano and Sons Hub,Robert Dennis
Fritz-Strickland Network,Annette Vasquez
Matthews Group Studios,Carrie Garcia
Sanders LLC Network,Brian Clarke
"Allen, Holmes and Jordan Hub",Angela Andrews
"Wilson, Cox and Fitzpatrick Labs",Larry Evans
Woods-Gomez Hub,Jordan Richardson
Banks-Nelson Network,Michelle Hickman
"Fuller, Williams and Lin Hub",Juan Conrad
"Carney, Key and Bailey Labs",Jacqueline Davis
Davis-Buchanan Labs,Shawn Becker
"Moore, George and Garrison Network",Dorothy Gonzalez
Ramirez-Miller Hub,Michael Wilson
Kennedy-Perry Network,Nicole Gardner
Horton-Hunt Labs,Amy Thompson
"Walton, Reeves and Church Network",Robert Berry
Hale-Nguyen Network,Madison Lester
Ibarra Group Network,Walter Diaz
Harper Group Labs,Patricia Johnson
"Phillips, Mason and Galvan Hub",Ryan Rojas
Chapman-Perez Network,Carlos Howell
Beck and Sons Studios,Jessica Holt
Strong LLC Studios,Kevin Arellano
Powell-Strickland Hub,Michelle Knight
"Snyder, Moody and Dickson Network",Pamela Khan
"Green, Lewis and Johnston Labs",Alexa Estrada
Johnson-Rosales Network,Donna Lane
Ingram-Clark Labs,Kelly Russell
Knight and Sons Labs,Patrick Reed
Cole-Sharp Labs,Erin Bradley
"Sherman, Mcgee and Phillips Studios",Brooke Perez
Baker-Hill Hub,Nicholas Jordan
"Francis, Davis and Jones Network",Howard Phelps
"Whitaker, Horn and Escobar Labs",Sharon Graham
Flores-Daniel Studios,Jasmine Smith
Spencer and Sons Studios,John Rasmussen
Obrien-Roberts Studios,Lisa Burke
King Ltd Hub,Steve Diaz
Henry Ltd Studios,Austin Tate
